Title,Company,Location,Link
[플러스엑스] 웹개발(PHP/Python/백엔드) 채용 공고,플러스엑스(주),서울 강남구,http://www.saramin.co.kr/zf_user/jobs/relay/view?view_type=search&rec_idx=37605927&location=ts&searchword=python&searchType=search&paid_fl=n
"웹개발(백엔드, Python, 프론트엔드 외 2개 부문) 채용",(주)닥터링고,서울 서초구,http://www.saramin.co.kr/zf_user/jobs/relay/view?view_type=search&rec_idx=37861447&location=ts&searchword=python&searchType=search&paid_fl=n
IoT/빅데이터 관련 웹 솔루션 개발자(java/python) 모집,(주) 유비벨록스 모바일,서울 구로구,http://www.saramin.co.kr/zf_user/jobs/relay/view?view_type=search&rec_idx=37664614&location=ts&searchword=python&searchType=search&paid_fl=n
[신입/정규] 광고 솔루션 개발 (Python)모집/코딩테스트 있음,(주)니트머스,서울 중구,http://www.saramin.co.kr/zf_user/jobs/relay/view?view_type=search&rec_idx=37686212&location=ts&searchword=python&searchType=search&paid_fl=n
(주)앰진시큐러스 백엔드 개발자 모집(Python / Java / C / C++),앰진시큐러스,서울 송파구,http://www.saramin.co.kr/zf_user/jobs/relay/view?view_type=search&rec_idx=37883495&location=ts&searchword=python&searchType=search&paid_fl=n
웹개발(Java·JSP/Python/프론트엔드 외 1개 부문) 채용,케이에스이씨(주),서울 강서구,http://www.saramin.co.kr/zf_user/jobs/relay/view?view_type=search&rec_idx=37872719&location=ts&searchword=python&searchType=search&paid_fl=n
어플 앱개발자(아이폰/안드로이드) / 웹개발자(PHP/Python) 채용,㈜아띠소프트,서울 구로구,http://www.saramin.co.kr/zf_user/jobs/relay/view?view_type=search&rec_idx=37687417&location=ts&searchword=python&searchType=search&paid_fl=n
[이커머스 스타트업] 고객분석 데이터분석 모집(Python GA),(주)온누리아이코리아,서울 용산구,http://www.saramin.co.kr/zf_user/jobs/relay/view?view_type=search&rec_idx=37678603&location=ts&searchword=python&searchType=search&paid_fl=n
"JAVA,PYTHON 개발자(신업/경력직) 정기 모집",안심생활 협동조합,서울 영등포구,http://www.saramin.co.kr/zf_user/jobs/relay/view?view_type=search&rec_idx=37888094&location=ts&searchword=python&searchType=search&paid_fl=n
파이썬 Python 개발자 모집,(주)인섹시큐리티,서울 금천구,http://www.saramin.co.kr/zf_user/jobs/relay/view?view_type=search&rec_idx=37862545&location=ts&searchword=python&searchType=search&paid_fl=n
IoT/빅데이터 웹 솔루션 개발자(java/python) 모집,(주) 유비벨록스 모바일,서울 구로구,http://www.saramin.co.kr/zf_user/jobs/relay/view?view_type=search&rec_idx=37904069&location=ts&searchword=python&searchType=search&paid_fl=n
[정규직] Java/Python Backend/머신러닝(ML) 엔지니어,(주)마인즈앤컴퍼니,서울 강남구,http://www.saramin.co.kr/zf_user/jobs/relay/view?view_type=search&rec_idx=37816011&location=ts&searchword=python&searchType=search&paid_fl=n
AI플랫폼 Python-Django Backend Engineer,"(주)에이젠글로벌(aiZENGlobalCo.,Inc.)",서울 영등포구,http://www.saramin.co.kr/zf_user/jobs/relay/view?view_type=search&rec_idx=37814470&location=ts&searchword=python&searchType=search&paid_fl=n
백엔드(Python) 경력 개발자 채용,디케이랩,서울 서초구,http://www.saramin.co.kr/zf_user/jobs/relay/view?view_type=search&rec_idx=37897776&location=ts&searchword=python&searchType=search&paid_fl=n
ICT융합연구소 PHP/Java·JSP/Python 채용 공고(경력직),(주)엔이씨파워,서울 금천구,http://www.saramin.co.kr/zf_user/jobs/relay/view?view_type=search&rec_idx=37804506&location=ts&searchword=python&searchType=search&paid_fl=n
굿닥 Python& PHP 서버 개발자 채용,(주)케어랩스,서울 강남구,http://www.saramin.co.kr/zf_user/jobs/relay/view?view_type=search&rec_idx=37795927&location=ts&searchword=python&searchType=search&paid_fl=n
Python / JAVA / Node.js 백엔드개발 능력자,(주)엔토파즈,서울 서초구,http://www.saramin.co.kr/zf_user/jobs/relay/view?view_type=search&rec_idx=37838473&location=ts&searchword=python&searchType=search&paid_fl=n
"Ajax, Python, PHP 정규직 채용(경력/신입)",주식회사 글로벌뉴소울,서울 강남구,http://www.saramin.co.kr/zf_user/jobs/relay/view?view_type=search&rec_idx=37894213&location=ts&searchword=python&searchType=search&paid_fl=n
[취업연수 국비교육]자바/파이썬/빅데이터/웹/영상/건축,㈜이젠아카데미인재개발원,서울전체,http://www.saramin.co.kr/zf_user/jobs/relay/view?view_type=search&rec_idx=36825236&location=ts&searchword=python&searchType=search&paid_fl=n
(전액무료)파이썬&빅데이터 분석(AI)머신러닝 취업연계과정,지스펙(주),서울전체,http://www.saramin.co.kr/zf_user/jobs/relay/view?view_type=search&rec_idx=37903040&location=ts&searchword=python&searchType=search&paid_fl=n
"데이터사이언스(B2C, B2B공정품질, 파이썬) & B2B잠재고객발굴",(주)이음인터렉티브,서울 서초구,http://www.saramin.co.kr/zf_user/jobs/relay/view?view_type=search&rec_idx=37814241&location=ts&searchword=python&searchType=search&paid_fl=n
부문별 신입/경력 수시채용,(주)티몬,서울 강남구,http://www.saramin.co.kr/zf_user/jobs/relay/view?view_type=search&rec_idx=37684158&location=ts&searchword=python&searchType=search&paid_fl=n
[㈜하미코리아] 2020년 상반기 각 부문 채용,(주)하미코리아,서울 금천구,http://www.saramin.co.kr/zf_user/jobs/relay/view?view_type=search&rec_idx=37866657&location=ts&searchword=python&searchType=search&paid_fl=n
㈜다래파크텍 2020년 상반기 공개채용,(주)다래파크텍,서울 송파구,http://www.saramin.co.kr/zf_user/jobs/relay/view?view_type=search&rec_idx=37910076&location=ts&searchword=python&searchType=search&paid_fl=n
[하나금융TI] 금융IT 경력사원 모집,㈜하나금융티아이,인천전체,http://www.saramin.co.kr/zf_user/jobs/relay/view?view_type=search&rec_idx=37859946&location=ts&searchword=python&searchType=search&paid_fl=n
2020년 SW개발 신입 LINER 공개채용,라인플러스(주),경기 성남시 분당구,http://www.saramin.co.kr/zf_user/jobs/relay/view?view_type=search&rec_idx=37886859&location=ts&searchword=python&searchType=search&paid_fl=n
2020년 상반기 공개채용,(주)씨이랩,서울 강남구,http://www.saramin.co.kr/zf_user/jobs/relay/view?view_type=search&rec_idx=37898045&location=ts&searchword=python&searchType=search&paid_fl=n
2020년 해커스 교육그룹 [신입/경력] 각 부문별 채용공고,(주) 해커스어학원,서울 서초구,http://www.saramin.co.kr/zf_user/jobs/relay/view?view_type=search&rec_idx=37508611&location=ts&searchword=python&searchType=search&paid_fl=n
펍지㈜ 각 부문별 수시 채용,펍지(주),서울 서초구,http://www.saramin.co.kr/zf_user/jobs/relay/view?view_type=search&rec_idx=37846455&location=ts&searchword=python&searchType=search&paid_fl=n
㈜우진산전 재경/EV품질/EV자재관리/국내영업 신입 채용,㈜우진산전,충북 청주시,http://www.saramin.co.kr/zf_user/jobs/relay/view?view_type=search&rec_idx=37886968&location=ts&searchword=python&searchType=search&paid_fl=n
IT 연구개발 및 DB업무지원 분야 정규직 및 인턴 채용,현대엔지비㈜,서울 성동구,http://www.saramin.co.kr/zf_user/jobs/relay/view?view_type=search&rec_idx=37882145&location=ts&searchword=python&searchType=search&paid_fl=n
2020 상반기 개발직군 채용,유한책임회사딜리버리히어로코리아,서울 서초구,http://www.saramin.co.kr/zf_user/jobs/relay/view?view_type=search&rec_idx=37903964&location=ts&searchword=python&searchType=search&paid_fl=n
[강남본사] 각 부문 신입/경력직 채용,성원아이북랜드,서울 강남구,http://www.saramin.co.kr/zf_user/jobs/relay/view?view_type=search&rec_idx=37876599&location=ts&searchword=python&searchType=search&paid_fl=n
Cloud SaaS 솔루션/서비스기획 경력 5년 이상,에스넷시스템(주),서울 강남구,http://www.saramin.co.kr/zf_user/jobs/relay/view?view_type=search&rec_idx=37819669&location=ts&searchword=python&searchType=search&paid_fl=n
웹/앱 서비스 및 시스템 개발자 모집,(주)코리아센터,서울 금천구,http://www.saramin.co.kr/zf_user/jobs/relay/view?view_type=search&rec_idx=37893313&location=ts&searchword=python&searchType=search&paid_fl=n
Recruiter 하고싶은 Tech직군 다 모여라! (개발/영업 직군 우대),쿠팡(주),서울 송파구,http://www.saramin.co.kr/zf_user/jobs/relay/view?view_type=search&rec_idx=37842327&location=ts&searchword=python&searchType=search&paid_fl=n
"하나금융융합기술원 AI·Bigdata 석,박사 연구원(경력직) 채용",㈜하나금융티아이,서울 강남구,http://www.saramin.co.kr/zf_user/jobs/relay/view?view_type=search&rec_idx=37868991&location=ts&searchword=python&searchType=search&paid_fl=n
[메가존클라우드] 2020년 상반기 Commercial Tech 부문 채용,메가존(주),서울 강남구,http://www.saramin.co.kr/zf_user/jobs/relay/view?view_type=search&rec_idx=37749738&location=ts&searchword=python&searchType=search&paid_fl=n
[메가존클라우드] 2020년 상반기 Tech 부문 채용,메가존(주),서울 강남구,http://www.saramin.co.kr/zf_user/jobs/relay/view?view_type=search&rec_idx=37746728&location=ts&searchword=python&searchType=search&paid_fl=n
이노뎁(주) 기술연구그룹 부문별 채용,이노뎁(주),서울 구로구,http://www.saramin.co.kr/zf_user/jobs/relay/view?view_type=search&rec_idx=37858967&location=ts&searchword=python&searchType=search&paid_fl=n
빅데이터 전문 기업 인재 채용,데이터스트림즈 ㈜,경기 성남시 분당구,http://www.saramin.co.kr/zf_user/jobs/relay/view?view_type=search&rec_idx=37883582&location=ts&searchword=python&searchType=search&paid_fl=n
[캐치잇플레이] Web Engineer 경력사원 채용 (서울 오피스),(주)캐치잇플레이,서울 서초구,http://www.saramin.co.kr/zf_user/jobs/relay/view?view_type=search&rec_idx=37866726&location=ts&searchword=python&searchType=search&paid_fl=n
[메가존] 2020년 상반기 구글클라우드 직무별 채용,메가존(주),서울 강남구,http://www.saramin.co.kr/zf_user/jobs/relay/view?view_type=search&rec_idx=37756210&location=ts&searchword=python&searchType=search&paid_fl=n
"[국비지원] 빅데이터분석, 지능형웹, 스마트컨텐츠UI/UX, 프론트엔트 무료취업교육",한국직업전문학교,서울 구로구,http://www.saramin.co.kr/zf_user/jobs/relay/view?view_type=search&rec_idx=37859901&location=ts&searchword=python&searchType=search&paid_fl=n
[(주)마음의숲] 영업팀/개발팀 채용 공고,(주)마음의숲,서울 금천구,http://www.saramin.co.kr/zf_user/jobs/relay/view?view_type=search&rec_idx=37886094&location=ts&searchword=python&searchType=search&paid_fl=n
[컴트루테크놀로지]2020년 각 부문 신입/경력 공채,㈜컴트루테크놀로지,서울 마포구,http://www.saramin.co.kr/zf_user/jobs/relay/view?view_type=search&rec_idx=37877396&location=ts&searchword=python&searchType=search&paid_fl=n
[리치앤코] 개발/기획 부문별 경력직 채용,(주)리치앤코,서울 중구,http://www.saramin.co.kr/zf_user/jobs/relay/view?view_type=search&rec_idx=37874400&location=ts&searchword=python&searchType=search&paid_fl=n
[바이오/시스템/소프트웨어/마케팅] 분야별 정규직원 채용,(주)싸이토젠,서울 송파구,http://www.saramin.co.kr/zf_user/jobs/relay/view?view_type=search&rec_idx=37859713&location=ts&searchword=python&searchType=search&paid_fl=n
2020년도 지니언스㈜ 각 부문별 모집,지니언스,경기 안양시,http://www.saramin.co.kr/zf_user/jobs/relay/view?view_type=search&rec_idx=37857828&location=ts&searchword=python&searchType=search&paid_fl=n
2020년 상반기 각 부문 공개채용,더이앤엠(주),서울 강남구,http://www.saramin.co.kr/zf_user/jobs/relay/view?view_type=search&rec_idx=37909382&location=ts&searchword=python&searchType=search&paid_fl=n
빗썸 IT 전문인력 채용,(주)빗썸코리아,서울 강남구,http://www.saramin.co.kr/zf_user/jobs/relay/view?view_type=search&rec_idx=37814015&location=ts&searchword=python&searchType=search&paid_fl=n
2020년 경력사원 모집(Web Front End 개발),주식회사 구하다,서울 강남구,http://www.saramin.co.kr/zf_user/jobs/relay/view?view_type=search&rec_idx=37895555&location=ts&searchword=python&searchType=search&paid_fl=n
프로그래머 부분 모집(백엔드개발자),(주)로아인텔리전스,서울 서초구,http://www.saramin.co.kr/zf_user/jobs/relay/view?view_type=search&rec_idx=37902236&location=ts&searchword=python&searchType=search&paid_fl=n
[데일리호텔] 각부문 신입 및 경력사원 모집,(주)데일리,서울 강남구,http://www.saramin.co.kr/zf_user/jobs/relay/view?view_type=search&rec_idx=37865460&location=ts&searchword=python&searchType=search&paid_fl=n
"2020년 IBK시스템 경력직원 모집 (개발/품질관리/IT인프라,서버운영/상황실/경영기획)",(주)아이비케이시스템,서울 중구,http://www.saramin.co.kr/zf_user/jobs/relay/view?view_type=search&rec_idx=37908794&location=ts&searchword=python&searchType=search&paid_fl=n
2020년 각 부문 신입/경력사원 채용,(주)메디트,서울 성북구,http://www.saramin.co.kr/zf_user/jobs/relay/view?view_type=search&rec_idx=37763139&location=ts&searchword=python&searchType=search&paid_fl=n
[프렌즈게임즈] 개발/디자인직군 영입,㈜카카오게임즈,경기전체,http://www.saramin.co.kr/zf_user/jobs/relay/view?view_type=search&rec_idx=37894260&location=ts&searchword=python&searchType=search&paid_fl=n
wavve 기술본부 다수 채용 (원격/재택근무 가능),콘텐츠웨이브(주),서울 마포구,http://www.saramin.co.kr/zf_user/jobs/relay/view?view_type=search&rec_idx=37904379&location=ts&searchword=python&searchType=search&paid_fl=n
2020년 연구개발분야 개발자 각 부문 채용,(주)디노밴네트웍스,서울 송파구,http://www.saramin.co.kr/zf_user/jobs/relay/view?view_type=search&rec_idx=37885191&location=ts&searchword=python&searchType=search&paid_fl=n
[본사] IT팀 경력사원 모집,케이에스신용정보(주),서울 강남구,http://www.saramin.co.kr/zf_user/jobs/relay/view?view_type=search&rec_idx=37869230&location=ts&searchword=python&searchType=search&paid_fl=n
(주)오토위니 부문별 신입/경력사원 채용,(주)오토위니,서울 서초구,http://www.saramin.co.kr/zf_user/jobs/relay/view?view_type=search&rec_idx=37878858&location=ts&searchword=python&searchType=search&paid_fl=n
2020년 개발자/경영지원 모집 공고,(주)심시스글로벌,서울 서초구,http://www.saramin.co.kr/zf_user/jobs/relay/view?view_type=search&rec_idx=37891601&location=ts&searchword=python&searchType=search&paid_fl=n
2020년 엠아이큐브솔루션 경력직 채용,엠아이큐브솔루션㈜,서울 서초구,http://www.saramin.co.kr/zf_user/jobs/relay/view?view_type=search&rec_idx=37902816&location=ts&searchword=python&searchType=search&paid_fl=n
[ST Unitas] 개발자 및 연구원 신입/경력 (상시채용),(주)에스티유니타스,서울 강남구,http://www.saramin.co.kr/zf_user/jobs/relay/view?view_type=search&rec_idx=37828690&location=ts&searchword=python&searchType=search&paid_fl=n
(전액무료) 자바프레임워크 기반 응용SW개발자 취업연계과정,지스펙(주),서울전체,http://www.saramin.co.kr/zf_user/jobs/relay/view?view_type=search&rec_idx=37902978&location=ts&searchword=python&searchType=search&paid_fl=n
[국비/노동부지원100%무료IT취업과정]JAVA/자바개발자 취업과정,(주)한국소프트웨어아이엔씨,서울 금천구,http://www.saramin.co.kr/zf_user/jobs/relay/view?view_type=search&rec_idx=37843462&location=ts&searchword=python&searchType=search&paid_fl=n
[정규직] 신입/경력 개발자 채용,OPENMATE,서울 서대문구,http://www.saramin.co.kr/zf_user/jobs/relay/view?view_type=search&rec_idx=37860172&location=ts&searchword=python&searchType=search&paid_fl=n
"데이터 마이닝, 전처리, 분석 신입 및 경력자",(주)빌트온,서울 중구,http://www.saramin.co.kr/zf_user/jobs/relay/view?view_type=search&rec_idx=37844113&location=ts&searchword=python&searchType=search&paid_fl=n
당사 개발사업본부 ( 기술개발 & 솔루션개발 ) 담당자 모집 ITk9,㈜트랜스코스모스코리아,서울 구로구,http://www.saramin.co.kr/zf_user/jobs/relay/view?view_type=search&rec_idx=37855342&location=ts&searchword=python&searchType=search&paid_fl=n
㈜아이스크림에듀 AI연구실 프리랜서 채용,(주)아이스크림에듀,서울 강남구,http://www.saramin.co.kr/zf_user/jobs/relay/view?view_type=search&rec_idx=37878623&location=ts&searchword=python&searchType=search&paid_fl=n
[코스닥상장사]  AI 클라우드 프론트/백엔드 개발자 ( 웹/모바일,㈜아이티엑스엠투엠,서울 금천구,http://www.saramin.co.kr/zf_user/jobs/relay/view?view_type=search&rec_idx=37891807&location=ts&searchword=python&searchType=search&paid_fl=n
[국비취업연수] 일본 정규직 취업 호텔 프론트/IT 개발자 항공료지원 국비 연수 과정,글로벌인,일본 일본,http://www.saramin.co.kr/zf_user/jobs/relay/view?view_type=search&rec_idx=37909347&location=ts&searchword=python&searchType=search&paid_fl=n
"웹개발자, 웹기획자, 웹디자이너, 웹퍼블리셔 공개채용",(주)에스아이알소프트,서울 강남구,http://www.saramin.co.kr/zf_user/jobs/relay/view?view_type=search&rec_idx=37837854&location=ts&searchword=python&searchType=search&paid_fl=n
[신입/경력] IT개발자 부문별 채용공고,㈜해커스교육그룹,서울 서초구,http://www.saramin.co.kr/zf_user/jobs/relay/view?view_type=search&rec_idx=37498334&location=ts&searchword=python&searchType=search&paid_fl=n
㈜씨에이에스 소프트웨어 엔지니어 신입/경력 모집,㈜씨에이에스,서울 금천구,http://www.saramin.co.kr/zf_user/jobs/relay/view?view_type=search&rec_idx=37820463&location=ts&searchword=python&searchType=search&paid_fl=n
"[XGOLF] 웹·앱 디자이너/개발, 골프투어팀 채용",㈜그린웍스,서울 성동구,http://www.saramin.co.kr/zf_user/jobs/relay/view?view_type=search&rec_idx=37895930&location=ts&searchword=python&searchType=search&paid_fl=n
[Web 개발] 부문 신입/경력 채용,(주)파인디지털,경기 성남시 분당구,http://www.saramin.co.kr/zf_user/jobs/relay/view?view_type=search&rec_idx=37899100&location=ts&searchword=python&searchType=search&paid_fl=n
[솔루션개발팀] 웹기획자 / JAVA웹개발자 채용,(주)캐럿글로벌,서울 강남구,http://www.saramin.co.kr/zf_user/jobs/relay/view?view_type=search&rec_idx=37878929&location=ts&searchword=python&searchType=search&paid_fl=n
마케팅 기획 및 운영 / 프론트&서버백엔드 개발자 채용,(주)에브리치,서울 마포구,http://www.saramin.co.kr/zf_user/jobs/relay/view?view_type=search&rec_idx=37852210&location=ts&searchword=python&searchType=search&paid_fl=n
웹개발 경력 정규직 채용,(주)메디플러스솔루션,서울 성북구,http://www.saramin.co.kr/zf_user/jobs/relay/view?view_type=search&rec_idx=37840881&location=ts&searchword=python&searchType=search&paid_fl=n
시대인재 온라인 사업부 신입 및 경력 사원 채용,(주)하이컨시,서울 강남구,http://www.saramin.co.kr/zf_user/jobs/relay/view?view_type=search&rec_idx=37755031&location=ts&searchword=python&searchType=search&paid_fl=n
"웹/앱개발, 응용프로그램개발外 정규직 채용 - 신입&경력",쉬폰코퍼레이션코리아(주),서울 용산구,http://www.saramin.co.kr/zf_user/jobs/relay/view?view_type=search&rec_idx=37885870&location=ts&searchword=python&searchType=search&paid_fl=n
각 부문별 신입/경력직 채용공고,(주)엠그램,서울 영등포구,http://www.saramin.co.kr/zf_user/jobs/relay/view?view_type=search&rec_idx=37613720&location=ts&searchword=python&searchType=search&paid_fl=n
[2020년] E-COMMERCE팀 채용(개발자/웹퍼블리셔),㈜리얼타임트래블솔루션,서울 중구,http://www.saramin.co.kr/zf_user/jobs/relay/view?view_type=search&rec_idx=37895963&location=ts&searchword=python&searchType=search&paid_fl=n
강남엄마 각 부문 신입/경력사원 채용,주식회사 강남엄마,서울 강남구,http://www.saramin.co.kr/zf_user/jobs/relay/view?view_type=search&rec_idx=37866443&location=ts&searchword=python&searchType=search&paid_fl=n
티릴리에서 Back-end / Front-end  개발자를 모십니다,(주)티릴리,서울 마포구,http://www.saramin.co.kr/zf_user/jobs/relay/view?view_type=search&rec_idx=37911063&location=ts&searchword=python&searchType=search&paid_fl=n
넥스트코어와 같이 성장할 Web 프로그램 인재분들을 모십니다,(주)넥스트코어테크놀로지,서울 송파구,http://www.saramin.co.kr/zf_user/jobs/relay/view?view_type=search&rec_idx=37807559&location=ts&searchword=python&searchType=search&paid_fl=n
(경력무관) 웹개발 정규직 모집,크레파스솔루션(주),서울 영등포구,http://www.saramin.co.kr/zf_user/jobs/relay/view?view_type=search&rec_idx=37671459&location=ts&searchword=python&searchType=search&paid_fl=n
각 부문별 경력사원 모집,㈜티제이팜,서울 마포구,http://www.saramin.co.kr/zf_user/jobs/relay/view?view_type=search&rec_idx=37828996&location=ts&searchword=python&searchType=search&paid_fl=n
[메가존클라우드] 2020년 상반기 Cloud MSP 부문 채용,메가존(주),서울 강남구,http://www.saramin.co.kr/zf_user/jobs/relay/view?view_type=search&rec_idx=37747751&location=ts&searchword=python&searchType=search&paid_fl=n
(주)다비오 백엔드(Back-end) 개발자 채용,(주)다비오,서울 마포구,http://www.saramin.co.kr/zf_user/jobs/relay/view?view_type=search&rec_idx=37797932&location=ts&searchword=python&searchType=search&paid_fl=n
기술연구소 R&D 사업 기획 관리 / 수행 엔지니어 모집,위즈코어주식회사,서울 마포구,http://www.saramin.co.kr/zf_user/jobs/relay/view?view_type=search&rec_idx=37845969&location=ts&searchword=python&searchType=search&paid_fl=n
[(주)트리플렛] AI/IoT 연구 개발자 채용,(주)트리플렛,서울 마포구,http://www.saramin.co.kr/zf_user/jobs/relay/view?view_type=search&rec_idx=37812615&location=ts&searchword=python&searchType=search&paid_fl=n
[메가존클라우드] 2020년 상반기 Enterprise Tech 부문 채용,메가존(주),서울 강남구,http://www.saramin.co.kr/zf_user/jobs/relay/view?view_type=search&rec_idx=37748077&location=ts&searchword=python&searchType=search&paid_fl=n
[여기어때] Infrastructure Engineer (Jr./Sr.) 채용,(주)위드이노베이션,서울 강남구,http://www.saramin.co.kr/zf_user/jobs/relay/view?view_type=search&rec_idx=37625675&location=ts&searchword=python&searchType=search&paid_fl=n
[바이애틱] IT 개발 직군 채용,(주)바이애틱,서울 서초구,http://www.saramin.co.kr/zf_user/jobs/relay/view?view_type=search&rec_idx=37872051&location=ts&searchword=python&searchType=search&paid_fl=n
AI플랫폼 머신러닝 / 딥러닝 엔지니어,"(주)에이젠글로벌(aiZENGlobalCo.,Inc.)",서울 영등포구,http://www.saramin.co.kr/zf_user/jobs/relay/view?view_type=search&rec_idx=37814561&location=ts&searchword=python&searchType=search&paid_fl=n
"소프트웨어 개발자 신규/경력모집(프론트엔드, 머신러닝/딥러닝)",(주)헤리바이오,서울 강남구,http://www.saramin.co.kr/zf_user/jobs/relay/view?view_type=search&rec_idx=37840512&location=ts&searchword=python&searchType=search&paid_fl=n
(주)웅진씽크빅 데이터 플랫폼 개발자 모집,(주)웅진씽크빅,서울 종로구,http://www.saramin.co.kr/zf_user/jobs/relay/view?view_type=search&rec_idx=37879438&location=ts&searchword=python&searchType=search&paid_fl=n
인공지능(AI)·빅데이터(빅데이터 외 4개 부문) 개발자 모집,디노플러스(주),서울 강남구,http://www.saramin.co.kr/zf_user/jobs/relay/view?view_type=search&rec_idx=37755264&location=ts&searchword=python&searchType=search&paid_fl=n
(주)카비 상반기 연구소 인재 채용 (전문연구요원 지원가능),(주)카비,서울 금천구,http://www.saramin.co.kr/zf_user/jobs/relay/view?view_type=search&rec_idx=37844543&location=ts&searchword=python&searchType=search&paid_fl=n
"웹개발(Front/Back), 데이터분석 정규직 채용",스마트마인드(주),서울 서초구,http://www.saramin.co.kr/zf_user/jobs/relay/view?view_type=search&rec_idx=37808163&location=ts&searchword=python&searchType=search&paid_fl=n
웹개발자(프론트엔드) 채용,(주)헤르스,서울 광진구,http://www.saramin.co.kr/zf_user/jobs/relay/view?view_type=search&rec_idx=37868457&location=ts&searchword=python&searchType=search&paid_fl=n
[1등 플랫폼 케어닥] react native 개발자 채용,(주)케어닥,서울 강남구,http://www.saramin.co.kr/zf_user/jobs/relay/view?view_type=search&rec_idx=37857474&location=ts&searchword=python&searchType=search&paid_fl=n
[인공지능 연구소] 데이터 엔지니어 경력무관 채용,(주)로이테미디어,서울 강남구,http://www.saramin.co.kr/zf_user/jobs/relay/view?view_type=search&rec_idx=37822678&location=ts&searchword=python&searchType=search&paid_fl=n
[두나무] 백엔드 서버 개발자,두나무 주식회사,서울 강남구,http://www.saramin.co.kr/zf_user/jobs/relay/view?view_type=search&rec_idx=37695762&location=ts&searchword=python&searchType=search&paid_fl=n
[샵링커] 솔루션 개발 / 가이드(운영) 상반기 정기 공채,네모커머스(주),서울 강남구,http://www.saramin.co.kr/zf_user/jobs/relay/view?view_type=search&rec_idx=37908464&location=ts&searchword=python&searchType=search&paid_fl=n
"[직방] 개발팀, CTO팀 파트 별 채용",(주)직방,서울 서초구,http://www.saramin.co.kr/zf_user/jobs/relay/view?view_type=search&rec_idx=37769976&location=ts&searchword=python&searchType=search&paid_fl=n
웹 프로그래머 모집,㈜서흥인터내셔날,서울 동대문구,http://www.saramin.co.kr/zf_user/jobs/relay/view?view_type=search&rec_idx=37898251&location=ts&searchword=python&searchType=search&paid_fl=n
[㈜메디인사이드] 웹에이전시 웹 퍼블리셔 경력직 채용 공고,(주)메디인사이드,서울 영등포구,http://www.saramin.co.kr/zf_user/jobs/relay/view?view_type=search&rec_idx=37885750&location=ts&searchword=python&searchType=search&paid_fl=n
[SMARTSTUDY] 백엔드 개발자,스마트스터디(주),서울 서초구,http://www.saramin.co.kr/zf_user/jobs/relay/view?view_type=search&rec_idx=37891816&location=ts&searchword=python&searchType=search&paid_fl=n
"(주)TDI 채용공고(서울) - 백엔드 PHP/JAVA, 프론트엔드",(주)티디아이,서울 서초구,http://www.saramin.co.kr/zf_user/jobs/relay/view?view_type=search&rec_idx=37847145&location=ts&searchword=python&searchType=search&paid_fl=n
[렌딧/정규직] Backend Engineer (시니어/주니어),(주)렌딧,서울 종로구,http://www.saramin.co.kr/zf_user/jobs/relay/view?view_type=search&rec_idx=37732160&location=ts&searchword=python&searchType=search&paid_fl=n
"자존감 넘치는 JAVA, JSP 신입 및 경력 개발자 모십니다.",(주)비타소프트,서울 구로구,http://www.saramin.co.kr/zf_user/jobs/relay/view?view_type=search&rec_idx=37871992&location=ts&searchword=python&searchType=search&paid_fl=n
[경력] 2020년  IT 상반기 각 부문 채용,나모웹비즈(주),서울 송파구,http://www.saramin.co.kr/zf_user/jobs/relay/view?view_type=search&rec_idx=37902761&location=ts&searchword=python&searchType=search&paid_fl=n
[광덕안정한의원] 본사 웹개발 경력직 채용,주식회사 광덕안정,서울 서초구,http://www.saramin.co.kr/zf_user/jobs/relay/view?view_type=search&rec_idx=37784783&location=ts&searchword=python&searchType=search&paid_fl=n
[본사근무/정규직]  웹 개발자 인재 초대,이랜서,서울 강남구,http://www.saramin.co.kr/zf_user/jobs/relay/view?view_type=search&rec_idx=37894508&location=ts&searchword=python&searchType=search&paid_fl=n
IT 개발부 총괄(부장급),(주)뉴트리션코트,서울 강남구,http://www.saramin.co.kr/zf_user/jobs/relay/view?view_type=search&rec_idx=37620449&location=ts&searchword=python&searchType=search&paid_fl=n
"[급성장 스타트업] 엔진 및 서버개발, 기술지원 신입/경력 채용",(주)에버스핀,서울 금천구,http://www.saramin.co.kr/zf_user/jobs/relay/view?view_type=search&rec_idx=37696868&location=ts&searchword=python&searchType=search&paid_fl=n
[경력] 웹개발자 채용 (신입/병특/팀원/팀장),케이웨더㈜,서울 구로구,http://www.saramin.co.kr/zf_user/jobs/relay/view?view_type=search&rec_idx=37792139&location=ts&searchword=python&searchType=search&paid_fl=n
[신입/경력] 주얼리 커머스 AMONDZ 부문별 개발자(웹/앱),(주)비주얼,서울 서초구,http://www.saramin.co.kr/zf_user/jobs/relay/view?view_type=search&rec_idx=37884168&location=ts&searchword=python&searchType=search&paid_fl=n
암(cancer) 데이터 플랫폼을 개발할 웹 개발자를 모십니다,(주)바이오크,서울 강남구,http://www.saramin.co.kr/zf_user/jobs/relay/view?view_type=search&rec_idx=37897449&location=ts&searchword=python&searchType=search&paid_fl=n
연구개발직 경력 채용,㈜케이엘넷,서울 강남구,http://www.saramin.co.kr/zf_user/jobs/relay/view?view_type=search&rec_idx=37810440&location=ts&searchword=python&searchType=search&paid_fl=n
서비스개발본부 개발자 채용(경력),(주)인터파크,서울 서초구,http://www.saramin.co.kr/zf_user/jobs/relay/view?view_type=search&rec_idx=37907692&location=ts&searchword=python&searchType=search&paid_fl=n
[메가존클라우드] 2020년 상반기 DevOps 부문 채용,메가존(주),서울 강남구,http://www.saramin.co.kr/zf_user/jobs/relay/view?view_type=search&rec_idx=37748312&location=ts&searchword=python&searchType=search&paid_fl=n
[메가존클라우드] Application Performance Monitoring 직무별 채용,메가존(주),서울 강남구,http://www.saramin.co.kr/zf_user/jobs/relay/view?view_type=search&rec_idx=37749953&location=ts&searchword=python&searchType=search&paid_fl=n
[SBS계열사-DMC미디어] 디지털 광고 플랫폼 개발 경력 수시채용,㈜디엠씨미디어,서울 강남구,http://www.saramin.co.kr/zf_user/jobs/relay/view?view_type=search&rec_idx=37860653&location=ts&searchword=python&searchType=search&paid_fl=n
(주)트라이씨클 경력사원 채용 (IT),(주)트라이씨클,서울 서초구,http://www.saramin.co.kr/zf_user/jobs/relay/view?view_type=search&rec_idx=37694776&location=ts&searchword=python&searchType=search&paid_fl=n
PHP / REACT / 퍼블리셔 경력자 채용,행복쇼핑 주식회사,서울 영등포구,http://www.saramin.co.kr/zf_user/jobs/relay/view?view_type=search&rec_idx=37839710&location=ts&searchword=python&searchType=search&paid_fl=n
[송파구/연2955만원수준/소속전환] 대기업 계열사웹디자인(HTML),㈜키스템프,서울 송파구,http://www.saramin.co.kr/zf_user/jobs/relay/view?view_type=search&rec_idx=37904958&location=ts&searchword=python&searchType=search&paid_fl=n
[혼밥인의만찬] 서버 개발자 정규직 채용,(주)혼밥인의만찬,서울 강남구,http://www.saramin.co.kr/zf_user/jobs/relay/view?view_type=search&rec_idx=37795868&location=ts&searchword=python&searchType=search&paid_fl=n
JAVA 웹개발 신입 및 경력 정규직 채용,(주)케이아이,서울 금천구,http://www.saramin.co.kr/zf_user/jobs/relay/view?view_type=search&rec_idx=37806955&location=ts&searchword=python&searchType=search&paid_fl=n
솔루션사업부 신입사원 채용,(주)엠투아이티,서울 성동구,http://www.saramin.co.kr/zf_user/jobs/relay/view?view_type=search&rec_idx=37799842&location=ts&searchword=python&searchType=search&paid_fl=n
스탠스 기업부설연구소 - Web 개발자 신입 및 경력자 채용 공고,주식회사 스탠스,서울 노원구,http://www.saramin.co.kr/zf_user/jobs/relay/view?view_type=search&rec_idx=37904992&location=ts&searchword=python&searchType=search&paid_fl=n
"[윙잇] React, Javascript 쇼핑몰 프론트엔드 웹 개발자 모집",(주)아그레아블,서울 강남구,http://www.saramin.co.kr/zf_user/jobs/relay/view?view_type=search&rec_idx=37912082&location=ts&searchword=python&searchType=search&paid_fl=n
[경력] 웹기획/서비스기획/애플리케이션기획/정산기획 채용,㈜해커스교육그룹,서울 서초구,http://www.saramin.co.kr/zf_user/jobs/relay/view?view_type=search&rec_idx=37497983&location=ts&searchword=python&searchType=search&paid_fl=n
[100%무료 취업준비생모집]웹디/건축/게임/프로그래밍/3D프린터,더조은아카데미,서울전체,http://www.saramin.co.kr/zf_user/jobs/relay/view?view_type=search&rec_idx=34529977&location=ts&searchword=python&searchType=search&paid_fl=n
[엠시큐어] 취약점 분석 및 개발 멤버를 모집합니다,(주)엠시큐어,서울 관악구,http://www.saramin.co.kr/zf_user/jobs/relay/view?view_type=search&rec_idx=37755893&location=ts&searchword=python&searchType=search&paid_fl=n
Backend 개발자 경력무관 채용 공고(정규직),주식회사 강남엄마,서울 강남구,http://www.saramin.co.kr/zf_user/jobs/relay/view?view_type=search&rec_idx=37845800&location=ts&searchword=python&searchType=search&paid_fl=n
의학 데이터베이스 관리 웹기획·PM/웹개발 담당자 채용,서울특별시보라매병원,서울 동작구,http://www.saramin.co.kr/zf_user/jobs/relay/view?view_type=search&rec_idx=37825206&location=ts&searchword=python&searchType=search&paid_fl=n
[쿠차] 검색 개발자 채용 공고,(주)옐로커머스,서울 강남구,http://www.saramin.co.kr/zf_user/jobs/relay/view?view_type=search&rec_idx=37886168&location=ts&searchword=python&searchType=search&paid_fl=n
VMWare 클라우드 엔지니어,(주)케이디아이에스,서울 영등포구,http://www.saramin.co.kr/zf_user/jobs/relay/view?view_type=search&rec_idx=37897492&location=ts&searchword=python&searchType=search&paid_fl=n
웹 서비스 프런트엔드(Front-end) 개발자 공고,(주)스탠드포인트,서울 금천구,http://www.saramin.co.kr/zf_user/jobs/relay/view?view_type=search&rec_idx=37817813&location=ts&searchword=python&searchType=search&paid_fl=n
[코드라인] 정규직 웹 개발자(Node.js)  신입/경력,(주)코드라인,서울 금천구,http://www.saramin.co.kr/zf_user/jobs/relay/view?view_type=search&rec_idx=37854933&location=ts&searchword=python&searchType=search&paid_fl=n
[경력무관] Java·JSP/Ajax/Oracle 정규직 채용,(주)맥스피아,서울 구로구,http://www.saramin.co.kr/zf_user/jobs/relay/view?view_type=search&rec_idx=37837833&location=ts&searchword=python&searchType=search&paid_fl=n
[100%무료 취업준비생모집]웹디/건축/게임/프로그래밍/3D프린터,국제컴퓨터아카데미,서울 관악구,http://www.saramin.co.kr/zf_user/jobs/relay/view?view_type=search&rec_idx=34393991&location=ts&searchword=python&searchType=search&paid_fl=n
[키즈팩토리] 신입 웹 프론트엔드 풀스택 개발자 모집,주식회사 키즈팩토리,서울 서초구,http://www.saramin.co.kr/zf_user/jobs/relay/view?view_type=search&rec_idx=37772463&location=ts&searchword=python&searchType=search&paid_fl=n
Java/Spring BACK-END 서비스 개발 정규직 채용(신입),(주)이팝콘,서울 서초구,http://www.saramin.co.kr/zf_user/jobs/relay/view?view_type=search&rec_idx=37799390&location=ts&searchword=python&searchType=search&paid_fl=n
"(웹개발, PHP) 성장,재미가 있는 VR 웹툰플랫폼",(주)코믹스브이,서울 금천구,http://www.saramin.co.kr/zf_user/jobs/relay/view?view_type=search&rec_idx=37687960&location=ts&searchword=python&searchType=search&paid_fl=n
웹 프로그램 개발 정규직 모집 - 경력무관,(주)엔티소프트,서울 금천구,http://www.saramin.co.kr/zf_user/jobs/relay/view?view_type=search&rec_idx=37860056&location=ts&searchword=python&searchType=search&paid_fl=n
"[벤처기업] 서울/김천 웹 개발자, 웹 기획자, 웹 디자이너 채용",인플랩(주),서울 송파구,http://www.saramin.co.kr/zf_user/jobs/relay/view?view_type=search&rec_idx=37825253&location=ts&searchword=python&searchType=search&paid_fl=n
응용프로그램 및 웹개발 인재 채용,(주)아톰소프트,서울 금천구,http://www.saramin.co.kr/zf_user/jobs/relay/view?view_type=search&rec_idx=37704359&location=ts&searchword=python&searchType=search&paid_fl=n
서버  신입 및  경력 정규직 채용,(주)링카코리아,서울 서초구,http://www.saramin.co.kr/zf_user/jobs/relay/view?view_type=search&rec_idx=37806688&location=ts&searchword=python&searchType=search&paid_fl=n
로켓에 올라탈 인재를 찾습니다[웹 클라이언트 개발자],(주)레드로켓,서울 마포구,http://www.saramin.co.kr/zf_user/jobs/relay/view?view_type=search&rec_idx=37668494&location=ts&searchword=python&searchType=search&paid_fl=n
"웹개발, 응용프로그램개발 경력(신입가능)사원  채용",주식회사데이빅스,서울 구로구,http://www.saramin.co.kr/zf_user/jobs/relay/view?view_type=search&rec_idx=37833384&location=ts&searchword=python&searchType=search&paid_fl=n
2020년 상반기 웹서비스기획/백엔드/HTML/PHP外 채용합니다,쉐어멜론,서울 서초구,http://www.saramin.co.kr/zf_user/jobs/relay/view?view_type=search&rec_idx=37909360&location=ts&searchword=python&searchType=search&paid_fl=n
"웹개발(프론트엔드, 백엔드, HTML 외 2개 부문) 모집합니다",팡고지와이,서울 서초구,http://www.saramin.co.kr/zf_user/jobs/relay/view?view_type=search&rec_idx=37766480&location=ts&searchword=python&searchType=search&paid_fl=n
각 부문 신입 및 경력 채용,유어비즈,서울 송파구,http://www.saramin.co.kr/zf_user/jobs/relay/view?view_type=search&rec_idx=37780770&location=ts&searchword=python&searchType=search&paid_fl=n
서버 시스템/WEB/APP 개발 경력자 모집,(주)넥스트코어테크놀로지,서울 송파구,http://www.saramin.co.kr/zf_user/jobs/relay/view?view_type=search&rec_idx=37800672&location=ts&searchword=python&searchType=search&paid_fl=n
웹 프로그래머를 모십니다.,(주)세원이디에스,서울 구로구,http://www.saramin.co.kr/zf_user/jobs/relay/view?view_type=search&rec_idx=37608830&location=ts&searchword=python&searchType=search&paid_fl=n
[유연근무제] 백엔드 끝판왕 개발자 채용,주식회사 해줌,서울 송파구,http://www.saramin.co.kr/zf_user/jobs/relay/view?view_type=search&rec_idx=37823034&location=ts&searchword=python&searchType=search&paid_fl=n
"(주)소울소프트 백엔드, 모바일 개발자, 보안전문가 채용",(주)소울소프트,서울 서초구,http://www.saramin.co.kr/zf_user/jobs/relay/view?view_type=search&rec_idx=37777991&location=ts&searchword=python&searchType=search&paid_fl=n
[테크사업부] 백엔드 개발자 채용,매드업,서울 서초구,http://www.saramin.co.kr/zf_user/jobs/relay/view?view_type=search&rec_idx=37850819&location=ts&searchword=python&searchType=search&paid_fl=n
Java Application 개발 PM/PL/AA 모집,(주)디케이비엠시,서울 강남구,http://www.saramin.co.kr/zf_user/jobs/relay/view?view_type=search&rec_idx=37813713&location=ts&searchword=python&searchType=search&paid_fl=n
[마카롱모빌리티] 웹프로그래머 개발자 모집,(주)마카롱모빌리티,서울 강서구,http://www.saramin.co.kr/zf_user/jobs/relay/view?view_type=search&rec_idx=37783651&location=ts&searchword=python&searchType=search&paid_fl=n
"인공지능(AI) 전문기업 솔트룩스 - 개발직 (과장, 차장급)",㈜솔트룩스,서울 강남구,http://www.saramin.co.kr/zf_user/jobs/relay/view?view_type=search&rec_idx=37629796&location=ts&searchword=python&searchType=search&paid_fl=n
(전액무료)빅데이터 플랫폼 구축과 분석 머신러닝 딥러닝 취업연계과정,지스펙(주),서울전체,http://www.saramin.co.kr/zf_user/jobs/relay/view?view_type=search&rec_idx=37903015&location=ts&searchword=python&searchType=search&paid_fl=n
[모바일 중고거래 No.1 플랫폼] 백엔드 개발자 경력직 채용,번개장터(주),서울 서초구,http://www.saramin.co.kr/zf_user/jobs/relay/view?view_type=search&rec_idx=37622279&location=ts&searchword=python&searchType=search&paid_fl=n
[비트나인] DB엔지니어 경력직 채용,(주)비트나인,서울 강서구,http://www.saramin.co.kr/zf_user/jobs/relay/view?view_type=search&rec_idx=37750924&location=ts&searchword=python&searchType=search&paid_fl=n
[비트나인] 빅데이터/인공지능 기술 전문가 모집,(주)비트나인,서울 강서구,http://www.saramin.co.kr/zf_user/jobs/relay/view?view_type=search&rec_idx=37899503&location=ts&searchword=python&searchType=search&paid_fl=n
카테노이드 PHP 웹개발 / 플랫폼개발 채용,카테노이드(주),서울 강남구,http://www.saramin.co.kr/zf_user/jobs/relay/view?view_type=search&rec_idx=37859762&location=ts&searchword=python&searchType=search&paid_fl=n
[개발]상담시스템 백엔드 개발자(정규직),(주)위메프,서울 강남구,http://www.saramin.co.kr/zf_user/jobs/relay/view?view_type=search&rec_idx=37824130&location=ts&searchword=python&searchType=search&paid_fl=n
[개발]웹 서비스 개발자(정규직),(주)위메프,서울 강남구,http://www.saramin.co.kr/zf_user/jobs/relay/view?view_type=search&rec_idx=37810066&location=ts&searchword=python&searchType=search&paid_fl=n
[포티투마루] 인공지능 QA개발(머신러닝/검색/SW엔지니어) 채용,주식회사 포티투마루,서울 관악구,http://www.saramin.co.kr/zf_user/jobs/relay/view?view_type=search&rec_idx=37608743&location=ts&searchword=python&searchType=search&paid_fl=n
(정규직) 스타트업 피처링 백엔드 개발자 채용,(주)피처링,서울 강남구,http://www.saramin.co.kr/zf_user/jobs/relay/view?view_type=search&rec_idx=37856660&location=ts&searchword=python&searchType=search&paid_fl=n
뉴인랩스 백엔드 개발자 채용공고 - 2020년 상반기,(주)뉴인,서울 마포구,http://www.saramin.co.kr/zf_user/jobs/relay/view?view_type=search&rec_idx=37623769&location=ts&searchword=python&searchType=search&paid_fl=n
백엔드개발자(대리~차장급),(주)뉴트리션코트,서울 강남구,http://www.saramin.co.kr/zf_user/jobs/relay/view?view_type=search&rec_idx=37701224&location=ts&searchword=python&searchType=search&paid_fl=n
[유연근무제 진행중] 프론트엔드 개발 전문가 채용,주식회사 해줌,서울 송파구,http://www.saramin.co.kr/zf_user/jobs/relay/view?view_type=search&rec_idx=37720086&location=ts&searchword=python&searchType=search&paid_fl=n
"풀 스택 개발자(프론트+백엔드) [경력,신입]",더 에이치알더(주),서울 송파구,http://www.saramin.co.kr/zf_user/jobs/relay/view?view_type=search&rec_idx=37771877&location=ts&searchword=python&searchType=search&paid_fl=n
AI플랫폼 React Frontend Engineer,"(주)에이젠글로벌(aiZENGlobalCo.,Inc.)",서울 영등포구,http://www.saramin.co.kr/zf_user/jobs/relay/view?view_type=search&rec_idx=37814530&location=ts&searchword=python&searchType=search&paid_fl=n
AI 플랫폼 프론트엔드 개발 경력자 모집,탑아이소프트(주),서울 강남구,http://www.saramin.co.kr/zf_user/jobs/relay/view?view_type=search&rec_idx=37809180&location=ts&searchword=python&searchType=search&paid_fl=n
IT 연구소 구매/물류 시스템 담당자 채용,㈜이지메디컴,서울 강남구,http://www.saramin.co.kr/zf_user/jobs/relay/view?view_type=search&rec_idx=37708503&location=ts&searchword=python&searchType=search&paid_fl=n
유베이스인터셔날 채용연계형 (IT부문) 인턴사원 모집,(주)유베이스인터내셔날,서울 성동구,http://www.saramin.co.kr/zf_user/jobs/relay/view?view_type=search&rec_idx=37634229&location=ts&searchword=python&searchType=search&paid_fl=n
[Deloitte] RA Digital Finance Transformation 컨설턴트,안진회계법인,서울 영등포구,http://www.saramin.co.kr/zf_user/jobs/relay/view?view_type=search&rec_idx=37860055&location=ts&searchword=python&searchType=search&paid_fl=n
[시원스쿨] 웹개발팀장 채용,(주)에스제이더블유인터내셔널,서울 영등포구,http://www.saramin.co.kr/zf_user/jobs/relay/view?view_type=search&rec_idx=37812951&location=ts&searchword=python&searchType=search&paid_fl=n
웹 개발자를 모십니다.,(주)세원아토스,서울 구로구,http://www.saramin.co.kr/zf_user/jobs/relay/view?view_type=search&rec_idx=37623545&location=ts&searchword=python&searchType=search&paid_fl=n
서버 개발자 모집. (Back-end),(주)카비,서울 금천구,http://www.saramin.co.kr/zf_user/jobs/relay/view?view_type=search&rec_idx=37890490&location=ts&searchword=python&searchType=search&paid_fl=n
웹 개발 경력 정규직모집(Java Jsp Spring),에쓰오씨소프트(주),서울 구로구,http://www.saramin.co.kr/zf_user/jobs/relay/view?view_type=search&rec_idx=37752564&location=ts&searchword=python&searchType=search&paid_fl=n
[개발]신사업 프론트 개발자(정규직),(주)위메프,서울 강남구,http://www.saramin.co.kr/zf_user/jobs/relay/view?view_type=search&rec_idx=37870534&location=ts&searchword=python&searchType=search&paid_fl=n
[개발]위메프오 서비스 서버개발자(정규직),(주)위메프,서울 강남구,http://www.saramin.co.kr/zf_user/jobs/relay/view?view_type=search&rec_idx=37874898&location=ts&searchword=python&searchType=search&paid_fl=n
RPA 솔루션 개발 R&D 경력 모집(정규직),(주)레이드백,서울 마포구,http://www.saramin.co.kr/zf_user/jobs/relay/view?view_type=search&rec_idx=37909269&location=ts&searchword=python&searchType=search&paid_fl=n
[샵플링]연구개발팀 신입 및 경력 채용,주식회사 샵플링,서울 영등포구,http://www.saramin.co.kr/zf_user/jobs/relay/view?view_type=search&rec_idx=37748303&location=ts&searchword=python&searchType=search&paid_fl=n
[경력] SW 개발자(FullStack Developer/PHP/MySQL/ReactJS) 모집,(주)애드인텔리전스,서울 광진구,http://www.saramin.co.kr/zf_user/jobs/relay/view?view_type=search&rec_idx=37879303&location=ts&searchword=python&searchType=search&paid_fl=n
풀스택 개발자 경력무관 채용(정규직),벨루가브루어리(주),서울 마포구,http://www.saramin.co.kr/zf_user/jobs/relay/view?view_type=search&rec_idx=37718049&location=ts&searchword=python&searchType=search&paid_fl=n
[아지앙스코리아] Senior Back-end Developer 경력직 채용,아지앙스코리아㈜,서울 중구,http://www.saramin.co.kr/zf_user/jobs/relay/view?view_type=search&rec_idx=37629298&location=ts&searchword=python&searchType=search&paid_fl=n
[팀장급] laravel 또는 PHP개발자 채용합니다.,(주)큐브위즈,서울 마포구,http://www.saramin.co.kr/zf_user/jobs/relay/view?view_type=search&rec_idx=37699291&location=ts&searchword=python&searchType=search&paid_fl=n
서버 개발자 (Back-End) 채용 (경력),(주)이니션,서울 강남구,http://www.saramin.co.kr/zf_user/jobs/relay/view?view_type=search&rec_idx=37729705&location=ts&searchword=python&searchType=search&paid_fl=n
[개발]위메프패션 백엔드 개발자(정규직),㈜위메프,서울 강남구,http://www.saramin.co.kr/zf_user/jobs/relay/view?view_type=search&rec_idx=37543623&location=ts&searchword=python&searchType=search&paid_fl=n
[T Lab] 플랫폼 개발 및 운영 경력 개발자,비욘드플랫폼서비스 주식회사,서울 강남구,http://www.saramin.co.kr/zf_user/jobs/relay/view?view_type=search&rec_idx=37621972&location=ts&searchword=python&searchType=search&paid_fl=n
"안드로이드 앱, Java JSP 개발자 모집",(주)나누고,서울 영등포구,http://www.saramin.co.kr/zf_user/jobs/relay/view?view_type=search&rec_idx=37740472&location=ts&searchword=python&searchType=search&paid_fl=n
캐시워크와 함께 걸어갈 백엔드 개발자님을 찾습니다,캐시워크,서울 강남구,http://www.saramin.co.kr/zf_user/jobs/relay/view?view_type=search&rec_idx=37788118&location=ts&searchword=python&searchType=search&paid_fl=n
Javascript Developer,유한책임회사딜리버리히어로코리아,서울 서초구,http://www.saramin.co.kr/zf_user/jobs/relay/view?view_type=search&rec_idx=37785373&location=ts&searchword=python&searchType=search&paid_fl=n
[암호화페거래소 코인원] Web Back End 개발자 채용,(주)코인원,서울 영등포구,http://www.saramin.co.kr/zf_user/jobs/relay/view?view_type=search&rec_idx=37625272&location=ts&searchword=python&searchType=search&paid_fl=n
[암호화폐 거래소 코인원] App Back-End 개발자 채용,(주)코인원,서울 영등포구,http://www.saramin.co.kr/zf_user/jobs/relay/view?view_type=search&rec_idx=37620721&location=ts&searchword=python&searchType=search&paid_fl=n
[정규직]  서버관리 및 개발자 경력 채용,(주)클라우드앤,서울 금천구,http://www.saramin.co.kr/zf_user/jobs/relay/view?view_type=search&rec_idx=37759314&location=ts&searchword=python&searchType=search&paid_fl=n
Bespin Global - Senior Software Engineer(backend/frontend),베스핀글로벌 주식회사,서울 서초구,http://www.saramin.co.kr/zf_user/jobs/relay/view?view_type=search&rec_idx=37874348&location=ts&searchword=python&searchType=search&paid_fl=n
이마고웍스(주) 치과용 클라우드 소프트웨어 back-end 개발 모집,이마고웍스(주),서울 동대문구,http://www.saramin.co.kr/zf_user/jobs/relay/view?view_type=search&rec_idx=37873653&location=ts&searchword=python&searchType=search&paid_fl=n
"가락툴 Django/php 백엔드 정규직 채용(경력),",가락툴,서울 송파구,http://www.saramin.co.kr/zf_user/jobs/relay/view?view_type=search&rec_idx=37739021&location=ts&searchword=python&searchType=search&paid_fl=n
"이마고웍스(주)에서 웹개발(프론트엔드, 백엔드) 모집합니다",이마고웍스(주),서울 동대문구,http://www.saramin.co.kr/zf_user/jobs/relay/view?view_type=search&rec_idx=37877860&location=ts&searchword=python&searchType=search&paid_fl=n
[개발팀장] 백엔드 서버 개발자 채용,주식회사 핀포츠,서울 강남구,http://www.saramin.co.kr/zf_user/jobs/relay/view?view_type=search&rec_idx=37868731&location=ts&searchword=python&searchType=search&paid_fl=n
웹 서비스 백엔드(Back-end) 개발자 모집 공고,(주)스탠드포인트,서울 금천구,http://www.saramin.co.kr/zf_user/jobs/relay/view?view_type=search&rec_idx=37817809&location=ts&searchword=python&searchType=search&paid_fl=n
TWC(더화이트커뮤니케이션) 개발 경력 채용,더화이트커뮤니케이션(주),서울 성동구,http://www.saramin.co.kr/zf_user/jobs/relay/view?view_type=search&rec_idx=37685583&location=ts&searchword=python&searchType=search&paid_fl=n
㈜소프트위즈 프론트엔드/백엔드개발자 모집,(주)소프트위즈,서울 강남구,http://www.saramin.co.kr/zf_user/jobs/relay/view?view_type=search&rec_idx=37763736&location=ts&searchword=python&searchType=search&paid_fl=n
(주) 스포카 도도포인트 대규모 프로그래머/PM/서비스 기획 채용,주식회사 스포카,서울 강남구,http://www.saramin.co.kr/zf_user/jobs/relay/view?view_type=search&rec_idx=37798323&location=ts&searchword=python&searchType=search&paid_fl=n
2020년 라스트오더 개발자 부문 채용,(주)미로,서울 강서구,http://www.saramin.co.kr/zf_user/jobs/relay/view?view_type=search&rec_idx=37853279&location=ts&searchword=python&searchType=search&paid_fl=n
전국1위 배달 플랫폼 생각대로 백엔드/모바일/웹 개발자,(주)로지올,서울 송파구,http://www.saramin.co.kr/zf_user/jobs/relay/view?view_type=search&rec_idx=37778541&location=ts&searchword=python&searchType=search&paid_fl=n
(주) 미디움 Business Design 채용공고,(주)미디움,서울 강남구,http://www.saramin.co.kr/zf_user/jobs/relay/view?view_type=search&rec_idx=37893491&location=ts&searchword=python&searchType=search&paid_fl=n
Web 프로그램 개발자 모집,(주)에이조스바이오,서울 서초구,http://www.saramin.co.kr/zf_user/jobs/relay/view?view_type=search&rec_idx=37623865&location=ts&searchword=python&searchType=search&paid_fl=n
[스타트업] 엔지니어링 디렉터 채용 공고,(주)에이프릴세븐,서울 강남구,http://www.saramin.co.kr/zf_user/jobs/relay/view?view_type=search&rec_idx=37819734&location=ts&searchword=python&searchType=search&paid_fl=n
Front-End & Back-End Developer 분을 찾아요~,(주)미스테리코,서울 마포구,http://www.saramin.co.kr/zf_user/jobs/relay/view?view_type=search&rec_idx=37835741&location=ts&searchword=python&searchType=search&paid_fl=n
[Backend담당] 개발자 채용합니다 ( 경력),주식회사 페이체크,서울 강남구,http://www.saramin.co.kr/zf_user/jobs/relay/view?view_type=search&rec_idx=37719358&location=ts&searchword=python&searchType=search&paid_fl=n
[중고나라] 개발부문 전문가 구인,(주)중고나라,서울 서초구,http://www.saramin.co.kr/zf_user/jobs/relay/view?view_type=search&rec_idx=37841281&location=ts&searchword=python&searchType=search&paid_fl=n
Ai 솔루션 프론트엔드/ 웹디자인 경력 개발자 채용,(주)옷딜,서울 강남구,http://www.saramin.co.kr/zf_user/jobs/relay/view?view_type=search&rec_idx=37878714&location=ts&searchword=python&searchType=search&paid_fl=n
[아이패밀리SC] PHP프로그래머 채용(~3/30),(주)아이패밀리에스씨,서울 강남구,http://www.saramin.co.kr/zf_user/jobs/relay/view?view_type=search&rec_idx=37908947&location=ts&searchword=python&searchType=search&paid_fl=n
글로벌 여행스타트업 Trazy - 백엔드 개발자 채용,(주)트레이지,서울 종로구,http://www.saramin.co.kr/zf_user/jobs/relay/view?view_type=search&rec_idx=37710175&location=ts&searchword=python&searchType=search&paid_fl=n
이커머스 플랫폼 PHP 웹개발자 채용,(주)잇츠팩토리,서울 중구,http://www.saramin.co.kr/zf_user/jobs/relay/view?view_type=search&rec_idx=37716142&location=ts&searchword=python&searchType=search&paid_fl=n
[휴먼스케이프] 산업기능요원 보충역 개발자를 찾습니다.,(주)휴먼스케이프,서울 강남구,http://www.saramin.co.kr/zf_user/jobs/relay/view?view_type=search&rec_idx=37801025&location=ts&searchword=python&searchType=search&paid_fl=n
웹 개발-프론트엔드 개발자,건아정보기술㈜,서울 송파구,http://www.saramin.co.kr/zf_user/jobs/relay/view?view_type=search&rec_idx=37835114&location=ts&searchword=python&searchType=search&paid_fl=n
[메가존] 쇼핑몰/커머스 PHP 개발자 대규모 채용,메가존(주),서울 강남구,http://www.saramin.co.kr/zf_user/jobs/relay/view?view_type=search&rec_idx=37643053&location=ts&searchword=python&searchType=search&paid_fl=n
Android App 개발 경력직 상시채용 (년수무관),키네마스터 주식회사,서울 서초구,http://www.saramin.co.kr/zf_user/jobs/relay/view?view_type=search&rec_idx=37718906&location=ts&searchword=python&searchType=search&paid_fl=n
정보보안 제품 UI/시스템 신입/경력 개발자 모집,한국통신인터넷기술(주),서울 서초구,http://www.saramin.co.kr/zf_user/jobs/relay/view?view_type=search&rec_idx=37730641&location=ts&searchword=python&searchType=search&paid_fl=n
[티몬] DW/BI/OLAP/정보시스템 구축 및 운영 담당자,(주)티몬,서울 강남구,http://www.saramin.co.kr/zf_user/jobs/relay/view?view_type=search&rec_idx=37851273&location=ts&searchword=python&searchType=search&paid_fl=n
(주)에어키 연구소 개발자 채용,(주)에어키,서울 서초구,http://www.saramin.co.kr/zf_user/jobs/relay/view?view_type=search&rec_idx=37720576&location=ts&searchword=python&searchType=search&paid_fl=n
웹개발/레드햇 클라우드 솔루션 개발 및 Delivery(Architecture),(주)노스스타컨설팅,서울 성동구,http://www.saramin.co.kr/zf_user/jobs/relay/view?view_type=search&rec_idx=37789063&location=ts&searchword=python&searchType=search&paid_fl=n
Java/JSP 경력직 개발자를 채용합니다.,(주)코아메소드,서울 영등포구,http://www.saramin.co.kr/zf_user/jobs/relay/view?view_type=search&rec_idx=37829973&location=ts&searchword=python&searchType=search&paid_fl=n
암호화폐거래소 블록체인 전문가 모집,(주)엑시아,서울 강남구,http://www.saramin.co.kr/zf_user/jobs/relay/view?view_type=search&rec_idx=37814234&location=ts&searchword=python&searchType=search&paid_fl=n
암호화폐거래소 프론트엔드 개발자 모집,(주)엑시아,서울 강남구,http://www.saramin.co.kr/zf_user/jobs/relay/view?view_type=search&rec_idx=37760535&location=ts&searchword=python&searchType=search&paid_fl=n
웹개발(ASP/Java·JSP/HTML/.NET外 1개 부문) 모집 공고,㈜피에스아이컨설팅,서울 성동구,http://www.saramin.co.kr/zf_user/jobs/relay/view?view_type=search&rec_idx=37742201&location=ts&searchword=python&searchType=search&paid_fl=n
위즈코어 자사 스마트공장 솔루션 개발 (서울 본사),위즈코어주식회사,서울 마포구,http://www.saramin.co.kr/zf_user/jobs/relay/view?view_type=search&rec_idx=37827442&location=ts&searchword=python&searchType=search&paid_fl=n
Cloud 사업관련 각 분야 개발자 모집,에스피테크놀러지,서울 관악구,http://www.saramin.co.kr/zf_user/jobs/relay/view?view_type=search&rec_idx=37877765&location=ts&searchword=python&searchType=search&paid_fl=n
플랫폼사업관련 각 분야 개발자 모집,에스피테크놀러지,서울 관악구,http://www.saramin.co.kr/zf_user/jobs/relay/view?view_type=search&rec_idx=37877741&location=ts&searchword=python&searchType=search&paid_fl=n
3D 어플리케이션  개발자 경력직 모집 공고,로딕스,서울 성동구,http://www.saramin.co.kr/zf_user/jobs/relay/view?view_type=search&rec_idx=37843281&location=ts&searchword=python&searchType=search&paid_fl=n
모바일앱 분석툴 유저해빗 웹개발자 모집,주식회사 유저해빗,서울 마포구,http://www.saramin.co.kr/zf_user/jobs/relay/view?view_type=search&rec_idx=37702763&location=ts&searchword=python&searchType=search&paid_fl=n
솔루션사업부 경력사원 채용,(주)엠투아이티,서울 성동구,http://www.saramin.co.kr/zf_user/jobs/relay/view?view_type=search&rec_idx=37799976&location=ts&searchword=python&searchType=search&paid_fl=n
[App][React Native] 리엑트 네이티브 앱 프런트 개발자 채용,㈜해커스교육그룹,서울 서초구,http://www.saramin.co.kr/zf_user/jobs/relay/view?view_type=search&rec_idx=37498309&location=ts&searchword=python&searchType=search&paid_fl=n
[신입/경력] PHP 프로그래머 채용,㈜해커스교육그룹,서울 서초구,http://www.saramin.co.kr/zf_user/jobs/relay/view?view_type=search&rec_idx=37498266&location=ts&searchword=python&searchType=search&paid_fl=n
[경력] PHP 고급개발자 채용,㈜해커스교육그룹,서울 서초구,http://www.saramin.co.kr/zf_user/jobs/relay/view?view_type=search&rec_idx=37498359&location=ts&searchword=python&searchType=search&paid_fl=n
[서울] 웹서비스/플랫폼 개발자 모집,트리노드(주),서울 강남구,http://www.saramin.co.kr/zf_user/jobs/relay/view?view_type=search&rec_idx=37755420&location=ts&searchword=python&searchType=search&paid_fl=n
C++ 및 C#을 이용한 알고리즘 설계 경력직 채용,(주)허니냅스,서울 강남구,http://www.saramin.co.kr/zf_user/jobs/relay/view?view_type=search&rec_idx=37846121&location=ts&searchword=python&searchType=search&paid_fl=n
전자상거래 시스템 개발자/ PM 모집 합니다 (부분 재택가능),(주)와이즈커머스,서울 강남구,http://www.saramin.co.kr/zf_user/jobs/relay/view?view_type=search&rec_idx=37784513&location=ts&searchword=python&searchType=search&paid_fl=n
[엠시큐어] 보안솔루션 개발 멤버를 모집합니다,(주)엠시큐어,서울 관악구,http://www.saramin.co.kr/zf_user/jobs/relay/view?view_type=search&rec_idx=37701442&location=ts&searchword=python&searchType=search&paid_fl=n
웹 개발자 구인,(주)텐스페이스,서울 서초구,http://www.saramin.co.kr/zf_user/jobs/relay/view?view_type=search&rec_idx=37749521&location=ts&searchword=python&searchType=search&paid_fl=n
[쿠차] 검색 개발자 채용 공고,(주)옐로커머스,서울 강남구,http://www.saramin.co.kr/zf_user/jobs/relay/view?view_type=search&rec_idx=37866937&location=ts&searchword=python&searchType=search&paid_fl=n
"(PHP, Linux) 백엔드 개발자 경력직 모집",(주)에프앤에프네트워크,서울 강남구,http://www.saramin.co.kr/zf_user/jobs/relay/view?view_type=search&rec_idx=37768436&location=ts&searchword=python&searchType=search&paid_fl=n
[PHP/CI] 백엔드 개발 채용 (정규직),코드레시피,서울 금천구,http://www.saramin.co.kr/zf_user/jobs/relay/view?view_type=search&rec_idx=37832694&location=ts&searchword=python&searchType=search&paid_fl=n
CRM(Salesforce) 솔루션 컨설팅 및 개발자 모집 (경력),(주)디케이비엠시,서울 강남구,http://www.saramin.co.kr/zf_user/jobs/relay/view?view_type=search&rec_idx=37814288&location=ts&searchword=python&searchType=search&paid_fl=n
스타일쉐어 신규서비스 웹 개발자,(주)스타일쉐어,서울 강남구,http://www.saramin.co.kr/zf_user/jobs/relay/view?view_type=search&rec_idx=37836783&location=ts&searchword=python&searchType=search&paid_fl=n
CRM(Salesforce) 솔루션 컨설팅 및 개발자 모집 (신입),(주)디케이비엠시,서울 강남구,http://www.saramin.co.kr/zf_user/jobs/relay/view?view_type=search&rec_idx=37814208&location=ts&searchword=python&searchType=search&paid_fl=n
"웹개발 정규직, 프리랜서 채용(경력무관)",(주)크로스티앤씨,서울 서초구,http://www.saramin.co.kr/zf_user/jobs/relay/view?view_type=search&rec_idx=37830815&location=ts&searchword=python&searchType=search&paid_fl=n
[(주)크로스 광고디자이너&웹프로그래머 경력직 채용],(주)크로스,서울 성동구,http://www.saramin.co.kr/zf_user/jobs/relay/view?view_type=search&rec_idx=37846865&location=ts&searchword=python&searchType=search&paid_fl=n
VEE) back end server  개발자 정규직 모집,(주)브이이이코리아,서울 강서구,http://www.saramin.co.kr/zf_user/jobs/relay/view?view_type=search&rec_idx=37664654&location=ts&searchword=python&searchType=search&paid_fl=n
back end server  개발자 정규직 모집,(주)브이이이코리아,서울 강서구,http://www.saramin.co.kr/zf_user/jobs/relay/view?view_type=search&rec_idx=37831497&location=ts&searchword=python&searchType=search&paid_fl=n
Front / Backend 웹개발 채용,주식회사레몬헬스케어,서울 금천구,http://www.saramin.co.kr/zf_user/jobs/relay/view?view_type=search&rec_idx=37892374&location=ts&searchword=python&searchType=search&paid_fl=n
React Native flutter front end 개발자 정규직 모집,(주)브이이이코리아,서울 강서구,http://www.saramin.co.kr/zf_user/jobs/relay/view?view_type=search&rec_idx=37831496&location=ts&searchword=python&searchType=search&paid_fl=n
머신러닝 솔루션 프론트엔드 개발자 모집,매니코어소프트(주),서울 관악구,http://www.saramin.co.kr/zf_user/jobs/relay/view?view_type=search&rec_idx=37837223&location=ts&searchword=python&searchType=search&paid_fl=n
VEE) React Native flutter front end 개발자 정규직 모집,(주)브이이이코리아,서울 강서구,http://www.saramin.co.kr/zf_user/jobs/relay/view?view_type=search&rec_idx=37659953&location=ts&searchword=python&searchType=search&paid_fl=n
[ Front-end ] 앨리스헬스케어에서 경력 개발자분을 모십니다.,(주)앨리스헬스케어,서울 강남구,http://www.saramin.co.kr/zf_user/jobs/relay/view?view_type=search&rec_idx=37838298&location=ts&searchword=python&searchType=search&paid_fl=n
Back-end Engineer 채용,(주)차이코퍼레이션,서울 성동구,http://www.saramin.co.kr/zf_user/jobs/relay/view?view_type=search&rec_idx=37887423&location=ts&searchword=python&searchType=search&paid_fl=n
[경력] 백앤드 개발자 & 프론트앤드 개발자님 모십니다.,(주) 데이터뱅크,서울 강남구,http://www.saramin.co.kr/zf_user/jobs/relay/view?view_type=search&rec_idx=37893934&location=ts&searchword=python&searchType=search&paid_fl=n
서버(백엔드) 개발자 경력자 채용 공고,(주)에임스,서울 송파구,http://www.saramin.co.kr/zf_user/jobs/relay/view?view_type=search&rec_idx=37699462&location=ts&searchword=python&searchType=search&paid_fl=n
웹개발 정규직 모집합니다(경력사원),케이엠인터네셔널,서울 금천구,http://www.saramin.co.kr/zf_user/jobs/relay/view?view_type=search&rec_idx=37773928&location=ts&searchword=python&searchType=search&paid_fl=n
모바일 앱 백엔드 경력개발자(정규직) 채용,웰키아이앤씨(주),서울 서초구,http://www.saramin.co.kr/zf_user/jobs/relay/view?view_type=search&rec_idx=37617334&location=ts&searchword=python&searchType=search&paid_fl=n
클라우드 기반 서비스 개발자를 모십니다.,(주)매크로그래프,서울 금천구,http://www.saramin.co.kr/zf_user/jobs/relay/view?view_type=search&rec_idx=37655208&location=ts&searchword=python&searchType=search&paid_fl=n
웹개발 프리랜서 채용 공고,(주)에이엔드,서울 강남구,http://www.saramin.co.kr/zf_user/jobs/relay/view?view_type=search&rec_idx=37848007&location=ts&searchword=python&searchType=search&paid_fl=n
웹 디자이너 모십니다.,디자이너그룹,서울 종로구,http://www.saramin.co.kr/zf_user/jobs/relay/view?view_type=search&rec_idx=37674041&location=ts&searchword=python&searchType=search&paid_fl=n
"상품기획/MD, Front/Back End 개발, UX/UI 디자이너(경력)",(주)디자이노블,서울 서초구,http://www.saramin.co.kr/zf_user/jobs/relay/view?view_type=search&rec_idx=37792247&location=ts&searchword=python&searchType=search&paid_fl=n
블록체인 바이오 인증 기반 솔루션 기획 및 개발 모집(정규직),(주)아이디원랩스,서울 강남구,http://www.saramin.co.kr/zf_user/jobs/relay/view?view_type=search&rec_idx=37832397&location=ts&searchword=python&searchType=search&paid_fl=n
모바일 하이브리드 APP 디자인+퍼블리셔 경력 채용 공고,(주)제이와이제이,서울 광진구,http://www.saramin.co.kr/zf_user/jobs/relay/view?view_type=search&rec_idx=37611883&location=ts&searchword=python&searchType=search&paid_fl=n
[에이치랩]  웹(Back-end) 개발자 모집,(주)에이치랩,서울 마포구,http://www.saramin.co.kr/zf_user/jobs/relay/view?view_type=search&rec_idx=37783505&location=ts&searchword=python&searchType=search&paid_fl=n
자바 개발자 경력무관 채용 - 정규직,(주)맥스피아,서울 구로구,http://www.saramin.co.kr/zf_user/jobs/relay/view?view_type=search&rec_idx=37837913&location=ts&searchword=python&searchType=search&paid_fl=n
웹/앱 개발 경력직 채용,(주)빌리콘,경기 수원시 장안구,http://www.saramin.co.kr/zf_user/jobs/relay/view?view_type=search&rec_idx=37860497&location=ts&searchword=python&searchType=search&paid_fl=n
풀스택 개발자 경력직 채용,스테핑 컴퍼니,서울 마포구,http://www.saramin.co.kr/zf_user/jobs/relay/view?view_type=search&rec_idx=37794477&location=ts&searchword=python&searchType=search&paid_fl=n
웹 개발 경력사원 모집 공고,(주)소리자바,서울 강남구,http://www.saramin.co.kr/zf_user/jobs/relay/view?view_type=search&rec_idx=37798720&location=ts&searchword=python&searchType=search&paid_fl=n
프론트엔드 Android / iOS 앱 개발자 모집,(주)에듀베이스,서울 강서구,http://www.saramin.co.kr/zf_user/jobs/relay/view?view_type=search&rec_idx=37644423&location=ts&searchword=python&searchType=search&paid_fl=n
홍보 마케팅 담당자 채용,더치트(주),서울 구로구,http://www.saramin.co.kr/zf_user/jobs/relay/view?view_type=search&rec_idx=37745052&location=ts&searchword=python&searchType=search&paid_fl=n
해성손해사정(주)  웹(PHP)개발자 채용공고,해성손해사정(주),서울 서대문구,http://www.saramin.co.kr/zf_user/jobs/relay/view?view_type=search&rec_idx=37809981&location=ts&searchword=python&searchType=search&paid_fl=n
[IT강사채용]빅데이터/파이썬/머신러닝&딥러닝/프론트엔드 개발,TIS정보기술교육센터,서울 영등포구,http://www.saramin.co.kr/zf_user/jobs/relay/view?view_type=search&rec_idx=37772373&location=ts&searchword=python&searchType=search&paid_fl=n
[재직자교육] 빅데이터분석/프론트엔드/웹퍼블리싱/파이썬/머신러닝&딥러닝 과정,(주)TIS정보기술교육센터,서울전체,http://www.saramin.co.kr/zf_user/jobs/relay/view?view_type=search&rec_idx=37746060&location=ts&searchword=python&searchType=search&paid_fl=n
[국비무료 취업교육] JAVA기반 응용SW개발 및 프론트엔드&백엔드 웹개발자 양성 과정,(주)TIS정보기술교육센터,서울전체,http://www.saramin.co.kr/zf_user/jobs/relay/view?view_type=search&rec_idx=37737243&location=ts&searchword=python&searchType=search&paid_fl=n
[국비지원] KMOVE스쿨 독일 IT 전문가 연수과정,(사)국제경영원,서울 영등포구,http://www.saramin.co.kr/zf_user/jobs/relay/view?view_type=search&rec_idx=37891618&location=ts&searchword=python&searchType=search&paid_fl=n
외국계기업 -Interface monitoring & management [ 신입 ],(주)엠아이티마스,서울 강남구,http://www.saramin.co.kr/zf_user/jobs/relay/view?view_type=search&rec_idx=37787629&location=ts&searchword=python&searchType=search&paid_fl=n
도미노피자 및 도미노피자 자회사/관계사 각 부문 공개채용,도미노피자(청오디피케이),서울 강남구,http://www.jobkorea.co.kr/Recruit/GI_Read/31297293?rPageCode=PL
"유튜브컨텐츠 영상촬영, 영상편집 / 웹개발 웹프로그래머 - 신입, 경력직채용",애플트리㈜,경기 전지역 외,http://www.jobkorea.co.kr/Recruit/GI_Read/31298110?rPageCode=PL
"부문별(개발자orPL ,App개발, PM) 채용",㈜비티소프트,서울 구로구,http://www.jobkorea.co.kr/Recruit/GI_Read/31297252?rPageCode=PL
2020 상반기 각 부문 신입/경력 채용 (웹개발/웹기획/그래픽디자이너),싸이웍스,서울 강남구,http://www.jobkorea.co.kr/Recruit/GI_Read/31295546?rPageCode=PL
2020년 경력직 특별채용 모집공고,마이다스아이티,경기 성남시 외,http://www.jobkorea.co.kr/Recruit/GI_Read/31283805?rPageCode=PL
본그룹 2020년 경력사원 공개채용,본아이에프㈜,서울 전지역 외,http://www.jobkorea.co.kr/Recruit/GI_Read/31275728?rPageCode=PL
2020년 상반기 각 부문 인재채용,㈜신세계아이앤씨,경기 김포시 외,http://www.jobkorea.co.kr/Recruit/GI_Read/31281093?rPageCode=PL
2020년 상반기 경력사원 모집,㈜쁘띠엘린,서울 구로구,http://www.jobkorea.co.kr/Recruit/GI_Read/31284335?rPageCode=PL
2020 SW개발 신입 LINER 공개채용,㈜라인플러스,경기 성남시,http://www.jobkorea.co.kr/Recruit/GI_Read/31266023?rPageCode=PL
2020 이스트소프트 상반기 온라인공채,㈜이스트소프트,서울 서초구,http://www.jobkorea.co.kr/Recruit/GI_Read/31263075?rPageCode=PL
"2020년 IBK시스템 경력직원 모집(개발/품질관리/IT인프라,서버운영/상황실/경영기획)",㈜아이비케이시스템,경기 성남시 외,http://www.jobkorea.co.kr/Recruit/GI_Read/31249394?rPageCode=PL
전산팀(모바일웹/앱개발자)/웹/모바일디자인/상품기획MD 신입 및 경력 채용,㈜컴퓨존,서울 용산구,http://www.jobkorea.co.kr/Recruit/GI_Read/31248263?rPageCode=PL
각 부문별 신입/경력직 채용,㈜아이스크림에듀,서울 강남구,http://www.jobkorea.co.kr/Recruit/GI_Read/31239348?rPageCode=PL
각 부문별 경력사원 채용,KB생명보험㈜,서울 영등포구,http://www.jobkorea.co.kr/Recruit/GI_Read/31247295?rPageCode=PL
부문별 경력사원 채용,SSG.COM,서울 중구,http://www.jobkorea.co.kr/Recruit/GI_Read/31239313?rPageCode=PL
하나금융TI 금융IT 경력사원 모집,㈜하나금융티아이,인천 서구 외,http://www.jobkorea.co.kr/Recruit/GI_Read/31217362?rPageCode=PL
난소프트와 함께 성장할 C# 개발자를 모집합니다.,난소프트,서울 금천구,http://www.jobkorea.co.kr/Recruit/GI_Read/31102623?rPageCode=PL
2020 상반기 개발직군 채용,유한책임회사 딜리버리히어로코리아,서울 전지역 외,http://www.jobkorea.co.kr/Recruit/GI_Read/31091664?rPageCode=PL
부문별 경력/신입 채용,㈜우아한형제들,서울 송파구,http://www.jobkorea.co.kr/Recruit/GI_Read/30676979?rPageCode=PL
(주)아이패밀리SC PHP웹프로그래머 정규직 채용(-3/30),㈜아이패밀리SC,서울 강남구,http://www.jobkorea.co.kr/Recruit/GI_Read/31307761?rPageCode=PL
경력사원 모집,현대오토에버㈜,전국,http://www.jobkorea.co.kr/Recruit/GI_Read/31300960?rPageCode=PL
2020년 상반기 각 부문 신입/경력 채용,더이앤엠㈜,서울 전지역 외,http://www.jobkorea.co.kr/Recruit/GI_Read/31306466?rPageCode=PL
[여기어때] 숙박/액티비티 서비스 개발자 채용,㈜위드이노베이션,서울 강남구 외,http://www.jobkorea.co.kr/Recruit/GI_Read/31305682?rPageCode=PL
[인터파크] 서비스개발본부 개발자 채용 (경력),㈜인터파크,서울 강남구,http://www.jobkorea.co.kr/Recruit/GI_Read/31303438?rPageCode=PL
JAVA 개발자 대규모 인재채용 [광고플랫폼 업계1위/청년친화강소기업],㈜인라이플,경기 전지역 외,http://www.jobkorea.co.kr/Recruit/GI_Read/31300544?rPageCode=PL
필웨이와 함께 할 서비스기획자 채용,㈜필웨이,서울 전지역 외,http://www.jobkorea.co.kr/Recruit/GI_Read/31308600?rPageCode=PL
윈도우개발자/리눅스네트워크 개발자/웹개발자 채용(신입/경력),(주)엠엘소프트,서울 영등포구,http://www.jobkorea.co.kr/Recruit/GI_Read/31306092?rPageCode=PL
온라인사업부 (MD / 개발자) 채용,㈜하나원비즈마켓,서울 노원구,http://www.jobkorea.co.kr/Recruit/GI_Read/31301230?rPageCode=PL
[쿠도커뮤니케이션] 유니티 개발자 정규직 채용,쿠도커뮤니케이션㈜,서울 서초구,http://www.jobkorea.co.kr/Recruit/GI_Read/31309633?rPageCode=PL
응용 프로그램 개발자 모집(JAVA),유징테크㈜,경북 포항시,http://www.jobkorea.co.kr/Recruit/GI_Read/31309456?rPageCode=PL
디지털마케팅플랫폼 개발자 채용,주식회사 휴머스온,서울 강남구 외,http://www.jobkorea.co.kr/Recruit/GI_Read/31308822?rPageCode=PL
"[리노미디어] 개발자 여러분, 입Dev 하세요. 개발(Web/App/Pub) 공개채용",㈜리노미디어,서울 송파구 외,http://www.jobkorea.co.kr/Recruit/GI_Read/31307963?rPageCode=PL
"(주)리드코프 정보시스템부(IT개발파트, IT보안/지원파트) 경력직 모집",㈜리드코프,서울 영등포구,http://www.jobkorea.co.kr/Recruit/GI_Read/31307577?rPageCode=PL
[KT그룹사]  Android 모바일 보안솔루션 개발 및 기술지원 경력직 모집,이니텍㈜,서울 구로구,http://www.jobkorea.co.kr/Recruit/GI_Read/31307409?rPageCode=PL
[쇼핑몰] 안드로이드 앱 개발/운영 엔지니어 모십니다.,유니위스㈜,경기 성남시 외,http://www.jobkorea.co.kr/Recruit/GI_Read/31306273?rPageCode=PL
[ADT캡스] IT개발팀 SAP FI(ABAP) 경력자 모집,㈜ADT캡스,서울 강남구,http://www.jobkorea.co.kr/Recruit/GI_Read/31304835?rPageCode=PL
AI 전문기업 (주)마음커넥트 경력 웹개발자 채용,마인즈랩,경기 성남시,http://www.jobkorea.co.kr/Recruit/GI_Read/31303365?rPageCode=PL
"공공(금융), 개발자, 6월중, 중급이상, 18개월 장기 프로젝트",리치앤타임㈜,서울 강남구,http://www.jobkorea.co.kr/Recruit/GI_Read/31302877?rPageCode=PL
(주)핀업 개발본부 DB팀 직원 채용,㈜핀업,경기 성남시,http://www.jobkorea.co.kr/Recruit/GI_Read/31301294?rPageCode=PL
네이트온 PC클라이언트 개발 경력직 채용,㈜SK커뮤니케이션즈,서울 중구,http://www.jobkorea.co.kr/Recruit/GI_Read/31300688?rPageCode=PL
도미노피자 및 도미노피자 자회사/관계사 각 부문 공개채용,도미노피자(청오디피케이),서울 강남구,http://www.jobkorea.co.kr/Recruit/GI_Read/31297293?rPageCode=PL
"유튜브컨텐츠 영상촬영, 영상편집 / 웹개발 웹프로그래머 - 신입, 경력직채용",애플트리㈜,경기 전지역 외,http://www.jobkorea.co.kr/Recruit/GI_Read/31298110?rPageCode=PL
"부문별(개발자orPL ,App개발, PM) 채용",㈜비티소프트,서울 구로구,http://www.jobkorea.co.kr/Recruit/GI_Read/31297252?rPageCode=PL
2020 상반기 각 부문 신입/경력 채용 (웹개발/웹기획/그래픽디자이너),싸이웍스,서울 강남구,http://www.jobkorea.co.kr/Recruit/GI_Read/31295546?rPageCode=PL
2020년 경력직 특별채용 모집공고,마이다스아이티,경기 성남시 외,http://www.jobkorea.co.kr/Recruit/GI_Read/31283805?rPageCode=PL
본그룹 2020년 경력사원 공개채용,본아이에프㈜,서울 전지역 외,http://www.jobkorea.co.kr/Recruit/GI_Read/31275728?rPageCode=PL
2020년 상반기 각 부문 인재채용,㈜신세계아이앤씨,경기 김포시 외,http://www.jobkorea.co.kr/Recruit/GI_Read/31281093?rPageCode=PL
2020년 상반기 경력사원 모집,㈜쁘띠엘린,서울 구로구,http://www.jobkorea.co.kr/Recruit/GI_Read/31284335?rPageCode=PL
2020 SW개발 신입 LINER 공개채용,㈜라인플러스,경기 성남시,http://www.jobkorea.co.kr/Recruit/GI_Read/31266023?rPageCode=PL
2020 이스트소프트 상반기 온라인공채,㈜이스트소프트,서울 서초구,http://www.jobkorea.co.kr/Recruit/GI_Read/31263075?rPageCode=PL
"2020년 IBK시스템 경력직원 모집(개발/품질관리/IT인프라,서버운영/상황실/경영기획)",㈜아이비케이시스템,경기 성남시 외,http://www.jobkorea.co.kr/Recruit/GI_Read/31249394?rPageCode=PL
전산팀(모바일웹/앱개발자)/웹/모바일디자인/상품기획MD 신입 및 경력 채용,㈜컴퓨존,서울 용산구,http://www.jobkorea.co.kr/Recruit/GI_Read/31248263?rPageCode=PL
각 부문별 신입/경력직 채용,㈜아이스크림에듀,서울 강남구,http://www.jobkorea.co.kr/Recruit/GI_Read/31239348?rPageCode=PL
각 부문별 경력사원 채용,KB생명보험㈜,서울 영등포구,http://www.jobkorea.co.kr/Recruit/GI_Read/31247295?rPageCode=PL
부문별 경력사원 채용,SSG.COM,서울 중구,http://www.jobkorea.co.kr/Recruit/GI_Read/31239313?rPageCode=PL
하나금융TI 금융IT 경력사원 모집,㈜하나금융티아이,인천 서구 외,http://www.jobkorea.co.kr/Recruit/GI_Read/31217362?rPageCode=PL
난소프트와 함께 성장할 C# 개발자를 모집합니다.,난소프트,서울 금천구,http://www.jobkorea.co.kr/Recruit/GI_Read/31102623?rPageCode=PL
2020 상반기 개발직군 채용,유한책임회사 딜리버리히어로코리아,서울 전지역 외,http://www.jobkorea.co.kr/Recruit/GI_Read/31091664?rPageCode=PL
부문별 경력/신입 채용,㈜우아한형제들,서울 송파구,http://www.jobkorea.co.kr/Recruit/GI_Read/30676979?rPageCode=PL
(주)아이패밀리SC PHP웹프로그래머 정규직 채용(-3/30),㈜아이패밀리SC,서울 강남구,http://www.jobkorea.co.kr/Recruit/GI_Read/31307761?rPageCode=PL
경력사원 모집,현대오토에버㈜,전국,http://www.jobkorea.co.kr/Recruit/GI_Read/31300960?rPageCode=PL
2020년 상반기 각 부문 신입/경력 채용,더이앤엠㈜,서울 전지역 외,http://www.jobkorea.co.kr/Recruit/GI_Read/31306466?rPageCode=PL
[여기어때] 숙박/액티비티 서비스 개발자 채용,㈜위드이노베이션,서울 강남구 외,http://www.jobkorea.co.kr/Recruit/GI_Read/31305682?rPageCode=PL
[인터파크] 서비스개발본부 개발자 채용 (경력),㈜인터파크,서울 강남구,http://www.jobkorea.co.kr/Recruit/GI_Read/31303438?rPageCode=PL
JAVA 개발자 대규모 인재채용 [광고플랫폼 업계1위/청년친화강소기업],㈜인라이플,경기 전지역 외,http://www.jobkorea.co.kr/Recruit/GI_Read/31300544?rPageCode=PL
필웨이와 함께 할 서비스기획자 채용,㈜필웨이,서울 전지역 외,http://www.jobkorea.co.kr/Recruit/GI_Read/31308600?rPageCode=PL
윈도우개발자/리눅스네트워크 개발자/웹개발자 채용(신입/경력),(주)엠엘소프트,서울 영등포구,http://www.jobkorea.co.kr/Recruit/GI_Read/31306092?rPageCode=PL
온라인사업부 (MD / 개발자) 채용,㈜하나원비즈마켓,서울 노원구,http://www.jobkorea.co.kr/Recruit/GI_Read/31301230?rPageCode=PL
[쿠도커뮤니케이션] 유니티 개발자 정규직 채용,쿠도커뮤니케이션㈜,서울 서초구,http://www.jobkorea.co.kr/Recruit/GI_Read/31309633?rPageCode=PL
응용 프로그램 개발자 모집(JAVA),유징테크㈜,경북 포항시,http://www.jobkorea.co.kr/Recruit/GI_Read/31309456?rPageCode=PL
디지털마케팅플랫폼 개발자 채용,주식회사 휴머스온,서울 강남구 외,http://www.jobkorea.co.kr/Recruit/GI_Read/31308822?rPageCode=PL
"[리노미디어] 개발자 여러분, 입Dev 하세요. 개발(Web/App/Pub) 공개채용",㈜리노미디어,서울 송파구 외,http://www.jobkorea.co.kr/Recruit/GI_Read/31307963?rPageCode=PL
"(주)리드코프 정보시스템부(IT개발파트, IT보안/지원파트) 경력직 모집",㈜리드코프,서울 영등포구,http://www.jobkorea.co.kr/Recruit/GI_Read/31307577?rPageCode=PL
[KT그룹사]  Android 모바일 보안솔루션 개발 및 기술지원 경력직 모집,이니텍㈜,서울 구로구,http://www.jobkorea.co.kr/Recruit/GI_Read/31307409?rPageCode=PL
[쇼핑몰] 안드로이드 앱 개발/운영 엔지니어 모십니다.,유니위스㈜,경기 성남시 외,http://www.jobkorea.co.kr/Recruit/GI_Read/31306273?rPageCode=PL
[ADT캡스] IT개발팀 SAP FI(ABAP) 경력자 모집,㈜ADT캡스,서울 강남구,http://www.jobkorea.co.kr/Recruit/GI_Read/31304835?rPageCode=PL
AI 전문기업 (주)마음커넥트 경력 웹개발자 채용,마인즈랩,경기 성남시,http://www.jobkorea.co.kr/Recruit/GI_Read/31303365?rPageCode=PL
"공공(금융), 개발자, 6월중, 중급이상, 18개월 장기 프로젝트",리치앤타임㈜,서울 강남구,http://www.jobkorea.co.kr/Recruit/GI_Read/31302877?rPageCode=PL
(주)핀업 개발본부 DB팀 직원 채용,㈜핀업,경기 성남시,http://www.jobkorea.co.kr/Recruit/GI_Read/31301294?rPageCode=PL
네이트온 PC클라이언트 개발 경력직 채용,㈜SK커뮤니케이션즈,서울 중구,http://www.jobkorea.co.kr/Recruit/GI_Read/31300688?rPageCode=PL
도미노피자 및 도미노피자 자회사/관계사 각 부문 공개채용,도미노피자(청오디피케이),서울 강남구,http://www.jobkorea.co.kr/Recruit/GI_Read/31297293?rPageCode=PL
"유튜브컨텐츠 영상촬영, 영상편집 / 웹개발 웹프로그래머 - 신입, 경력직채용",애플트리㈜,경기 전지역 외,http://www.jobkorea.co.kr/Recruit/GI_Read/31298110?rPageCode=PL
"부문별(개발자orPL ,App개발, PM) 채용",㈜비티소프트,서울 구로구,http://www.jobkorea.co.kr/Recruit/GI_Read/31297252?rPageCode=PL
2020 상반기 각 부문 신입/경력 채용 (웹개발/웹기획/그래픽디자이너),싸이웍스,서울 강남구,http://www.jobkorea.co.kr/Recruit/GI_Read/31295546?rPageCode=PL
2020년 경력직 특별채용 모집공고,마이다스아이티,경기 성남시 외,http://www.jobkorea.co.kr/Recruit/GI_Read/31283805?rPageCode=PL
본그룹 2020년 경력사원 공개채용,본아이에프㈜,서울 전지역 외,http://www.jobkorea.co.kr/Recruit/GI_Read/31275728?rPageCode=PL
2020년 상반기 각 부문 인재채용,㈜신세계아이앤씨,경기 김포시 외,http://www.jobkorea.co.kr/Recruit/GI_Read/31281093?rPageCode=PL
2020년 상반기 경력사원 모집,㈜쁘띠엘린,서울 구로구,http://www.jobkorea.co.kr/Recruit/GI_Read/31284335?rPageCode=PL
2020 SW개발 신입 LINER 공개채용,㈜라인플러스,경기 성남시,http://www.jobkorea.co.kr/Recruit/GI_Read/31266023?rPageCode=PL
2020 이스트소프트 상반기 온라인공채,㈜이스트소프트,서울 서초구,http://www.jobkorea.co.kr/Recruit/GI_Read/31263075?rPageCode=PL
"2020년 IBK시스템 경력직원 모집(개발/품질관리/IT인프라,서버운영/상황실/경영기획)",㈜아이비케이시스템,경기 성남시 외,http://www.jobkorea.co.kr/Recruit/GI_Read/31249394?rPageCode=PL
전산팀(모바일웹/앱개발자)/웹/모바일디자인/상품기획MD 신입 및 경력 채용,㈜컴퓨존,서울 용산구,http://www.jobkorea.co.kr/Recruit/GI_Read/31248263?rPageCode=PL
각 부문별 신입/경력직 채용,㈜아이스크림에듀,서울 강남구,http://www.jobkorea.co.kr/Recruit/GI_Read/31239348?rPageCode=PL
각 부문별 경력사원 채용,KB생명보험㈜,서울 영등포구,http://www.jobkorea.co.kr/Recruit/GI_Read/31247295?rPageCode=PL
부문별 경력사원 채용,SSG.COM,서울 중구,http://www.jobkorea.co.kr/Recruit/GI_Read/31239313?rPageCode=PL
하나금융TI 금융IT 경력사원 모집,㈜하나금융티아이,인천 서구 외,http://www.jobkorea.co.kr/Recruit/GI_Read/31217362?rPageCode=PL
난소프트와 함께 성장할 C# 개발자를 모집합니다.,난소프트,서울 금천구,http://www.jobkorea.co.kr/Recruit/GI_Read/31102623?rPageCode=PL
2020 상반기 개발직군 채용,유한책임회사 딜리버리히어로코리아,서울 전지역 외,http://www.jobkorea.co.kr/Recruit/GI_Read/31091664?rPageCode=PL
부문별 경력/신입 채용,㈜우아한형제들,서울 송파구,http://www.jobkorea.co.kr/Recruit/GI_Read/30676979?rPageCode=PL
(주)아이패밀리SC PHP웹프로그래머 정규직 채용(-3/30),㈜아이패밀리SC,서울 강남구,http://www.jobkorea.co.kr/Recruit/GI_Read/31307761?rPageCode=PL
경력사원 모집,현대오토에버㈜,전국,http://www.jobkorea.co.kr/Recruit/GI_Read/31300960?rPageCode=PL
2020년 상반기 각 부문 신입/경력 채용,더이앤엠㈜,서울 전지역 외,http://www.jobkorea.co.kr/Recruit/GI_Read/31306466?rPageCode=PL
[여기어때] 숙박/액티비티 서비스 개발자 채용,㈜위드이노베이션,서울 강남구 외,http://www.jobkorea.co.kr/Recruit/GI_Read/31305682?rPageCode=PL
[인터파크] 서비스개발본부 개발자 채용 (경력),㈜인터파크,서울 강남구,http://www.jobkorea.co.kr/Recruit/GI_Read/31303438?rPageCode=PL
JAVA 개발자 대규모 인재채용 [광고플랫폼 업계1위/청년친화강소기업],㈜인라이플,경기 전지역 외,http://www.jobkorea.co.kr/Recruit/GI_Read/31300544?rPageCode=PL
필웨이와 함께 할 서비스기획자 채용,㈜필웨이,서울 전지역 외,http://www.jobkorea.co.kr/Recruit/GI_Read/31308600?rPageCode=PL
윈도우개발자/리눅스네트워크 개발자/웹개발자 채용(신입/경력),(주)엠엘소프트,서울 영등포구,http://www.jobkorea.co.kr/Recruit/GI_Read/31306092?rPageCode=PL
온라인사업부 (MD / 개발자) 채용,㈜하나원비즈마켓,서울 노원구,http://www.jobkorea.co.kr/Recruit/GI_Read/31301230?rPageCode=PL
[쿠도커뮤니케이션] 유니티 개발자 정규직 채용,쿠도커뮤니케이션㈜,서울 서초구,http://www.jobkorea.co.kr/Recruit/GI_Read/31309633?rPageCode=PL
응용 프로그램 개발자 모집(JAVA),유징테크㈜,경북 포항시,http://www.jobkorea.co.kr/Recruit/GI_Read/31309456?rPageCode=PL
디지털마케팅플랫폼 개발자 채용,주식회사 휴머스온,서울 강남구 외,http://www.jobkorea.co.kr/Recruit/GI_Read/31308822?rPageCode=PL
"[리노미디어] 개발자 여러분, 입Dev 하세요. 개발(Web/App/Pub) 공개채용",㈜리노미디어,서울 송파구 외,http://www.jobkorea.co.kr/Recruit/GI_Read/31307963?rPageCode=PL
"(주)리드코프 정보시스템부(IT개발파트, IT보안/지원파트) 경력직 모집",㈜리드코프,서울 영등포구,http://www.jobkorea.co.kr/Recruit/GI_Read/31307577?rPageCode=PL
[KT그룹사]  Android 모바일 보안솔루션 개발 및 기술지원 경력직 모집,이니텍㈜,서울 구로구,http://www.jobkorea.co.kr/Recruit/GI_Read/31307409?rPageCode=PL
[쇼핑몰] 안드로이드 앱 개발/운영 엔지니어 모십니다.,유니위스㈜,경기 성남시 외,http://www.jobkorea.co.kr/Recruit/GI_Read/31306273?rPageCode=PL
[ADT캡스] IT개발팀 SAP FI(ABAP) 경력자 모집,㈜ADT캡스,서울 강남구,http://www.jobkorea.co.kr/Recruit/GI_Read/31304835?rPageCode=PL
AI 전문기업 (주)마음커넥트 경력 웹개발자 채용,마인즈랩,경기 성남시,http://www.jobkorea.co.kr/Recruit/GI_Read/31303365?rPageCode=PL
"공공(금융), 개발자, 6월중, 중급이상, 18개월 장기 프로젝트",리치앤타임㈜,서울 강남구,http://www.jobkorea.co.kr/Recruit/GI_Read/31302877?rPageCode=PL
(주)핀업 개발본부 DB팀 직원 채용,㈜핀업,경기 성남시,http://www.jobkorea.co.kr/Recruit/GI_Read/31301294?rPageCode=PL
네이트온 PC클라이언트 개발 경력직 채용,㈜SK커뮤니케이션즈,서울 중구,http://www.jobkorea.co.kr/Recruit/GI_Read/31300688?rPageCode=PL
도미노피자 및 도미노피자 자회사/관계사 각 부문 공개채용,도미노피자(청오디피케이),서울 강남구,http://www.jobkorea.co.kr/Recruit/GI_Read/31297293?rPageCode=PL
"유튜브컨텐츠 영상촬영, 영상편집 / 웹개발 웹프로그래머 - 신입, 경력직채용",애플트리㈜,경기 전지역 외,http://www.jobkorea.co.kr/Recruit/GI_Read/31298110?rPageCode=PL
"부문별(개발자orPL ,App개발, PM) 채용",㈜비티소프트,서울 구로구,http://www.jobkorea.co.kr/Recruit/GI_Read/31297252?rPageCode=PL
2020 상반기 각 부문 신입/경력 채용 (웹개발/웹기획/그래픽디자이너),싸이웍스,서울 강남구,http://www.jobkorea.co.kr/Recruit/GI_Read/31295546?rPageCode=PL
2020년 경력직 특별채용 모집공고,마이다스아이티,경기 성남시 외,http://www.jobkorea.co.kr/Recruit/GI_Read/31283805?rPageCode=PL
본그룹 2020년 경력사원 공개채용,본아이에프㈜,서울 전지역 외,http://www.jobkorea.co.kr/Recruit/GI_Read/31275728?rPageCode=PL
2020년 상반기 각 부문 인재채용,㈜신세계아이앤씨,경기 김포시 외,http://www.jobkorea.co.kr/Recruit/GI_Read/31281093?rPageCode=PL
2020년 상반기 경력사원 모집,㈜쁘띠엘린,서울 구로구,http://www.jobkorea.co.kr/Recruit/GI_Read/31284335?rPageCode=PL
2020 SW개발 신입 LINER 공개채용,㈜라인플러스,경기 성남시,http://www.jobkorea.co.kr/Recruit/GI_Read/31266023?rPageCode=PL
2020 이스트소프트 상반기 온라인공채,㈜이스트소프트,서울 서초구,http://www.jobkorea.co.kr/Recruit/GI_Read/31263075?rPageCode=PL
"2020년 IBK시스템 경력직원 모집(개발/품질관리/IT인프라,서버운영/상황실/경영기획)",㈜아이비케이시스템,경기 성남시 외,http://www.jobkorea.co.kr/Recruit/GI_Read/31249394?rPageCode=PL
전산팀(모바일웹/앱개발자)/웹/모바일디자인/상품기획MD 신입 및 경력 채용,㈜컴퓨존,서울 용산구,http://www.jobkorea.co.kr/Recruit/GI_Read/31248263?rPageCode=PL
각 부문별 신입/경력직 채용,㈜아이스크림에듀,서울 강남구,http://www.jobkorea.co.kr/Recruit/GI_Read/31239348?rPageCode=PL
각 부문별 경력사원 채용,KB생명보험㈜,서울 영등포구,http://www.jobkorea.co.kr/Recruit/GI_Read/31247295?rPageCode=PL
부문별 경력사원 채용,SSG.COM,서울 중구,http://www.jobkorea.co.kr/Recruit/GI_Read/31239313?rPageCode=PL
하나금융TI 금융IT 경력사원 모집,㈜하나금융티아이,인천 서구 외,http://www.jobkorea.co.kr/Recruit/GI_Read/31217362?rPageCode=PL
난소프트와 함께 성장할 C# 개발자를 모집합니다.,난소프트,서울 금천구,http://www.jobkorea.co.kr/Recruit/GI_Read/31102623?rPageCode=PL
2020 상반기 개발직군 채용,유한책임회사 딜리버리히어로코리아,서울 전지역 외,http://www.jobkorea.co.kr/Recruit/GI_Read/31091664?rPageCode=PL
부문별 경력/신입 채용,㈜우아한형제들,서울 송파구,http://www.jobkorea.co.kr/Recruit/GI_Read/30676979?rPageCode=PL
(주)아이패밀리SC PHP웹프로그래머 정규직 채용(-3/30),㈜아이패밀리SC,서울 강남구,http://www.jobkorea.co.kr/Recruit/GI_Read/31307761?rPageCode=PL
경력사원 모집,현대오토에버㈜,전국,http://www.jobkorea.co.kr/Recruit/GI_Read/31300960?rPageCode=PL
2020년 상반기 각 부문 신입/경력 채용,더이앤엠㈜,서울 전지역 외,http://www.jobkorea.co.kr/Recruit/GI_Read/31306466?rPageCode=PL
[여기어때] 숙박/액티비티 서비스 개발자 채용,㈜위드이노베이션,서울 강남구 외,http://www.jobkorea.co.kr/Recruit/GI_Read/31305682?rPageCode=PL
[인터파크] 서비스개발본부 개발자 채용 (경력),㈜인터파크,서울 강남구,http://www.jobkorea.co.kr/Recruit/GI_Read/31303438?rPageCode=PL
JAVA 개발자 대규모 인재채용 [광고플랫폼 업계1위/청년친화강소기업],㈜인라이플,경기 전지역 외,http://www.jobkorea.co.kr/Recruit/GI_Read/31300544?rPageCode=PL
필웨이와 함께 할 서비스기획자 채용,㈜필웨이,서울 전지역 외,http://www.jobkorea.co.kr/Recruit/GI_Read/31308600?rPageCode=PL
윈도우개발자/리눅스네트워크 개발자/웹개발자 채용(신입/경력),(주)엠엘소프트,서울 영등포구,http://www.jobkorea.co.kr/Recruit/GI_Read/31306092?rPageCode=PL
온라인사업부 (MD / 개발자) 채용,㈜하나원비즈마켓,서울 노원구,http://www.jobkorea.co.kr/Recruit/GI_Read/31301230?rPageCode=PL
[쿠도커뮤니케이션] 유니티 개발자 정규직 채용,쿠도커뮤니케이션㈜,서울 서초구,http://www.jobkorea.co.kr/Recruit/GI_Read/31309633?rPageCode=PL
응용 프로그램 개발자 모집(JAVA),유징테크㈜,경북 포항시,http://www.jobkorea.co.kr/Recruit/GI_Read/31309456?rPageCode=PL
디지털마케팅플랫폼 개발자 채용,주식회사 휴머스온,서울 강남구 외,http://www.jobkorea.co.kr/Recruit/GI_Read/31308822?rPageCode=PL
"[리노미디어] 개발자 여러분, 입Dev 하세요. 개발(Web/App/Pub) 공개채용",㈜리노미디어,서울 송파구 외,http://www.jobkorea.co.kr/Recruit/GI_Read/31307963?rPageCode=PL
"(주)리드코프 정보시스템부(IT개발파트, IT보안/지원파트) 경력직 모집",㈜리드코프,서울 영등포구,http://www.jobkorea.co.kr/Recruit/GI_Read/31307577?rPageCode=PL
[KT그룹사]  Android 모바일 보안솔루션 개발 및 기술지원 경력직 모집,이니텍㈜,서울 구로구,http://www.jobkorea.co.kr/Recruit/GI_Read/31307409?rPageCode=PL
[쇼핑몰] 안드로이드 앱 개발/운영 엔지니어 모십니다.,유니위스㈜,경기 성남시 외,http://www.jobkorea.co.kr/Recruit/GI_Read/31306273?rPageCode=PL
[ADT캡스] IT개발팀 SAP FI(ABAP) 경력자 모집,㈜ADT캡스,서울 강남구,http://www.jobkorea.co.kr/Recruit/GI_Read/31304835?rPageCode=PL
AI 전문기업 (주)마음커넥트 경력 웹개발자 채용,마인즈랩,경기 성남시,http://www.jobkorea.co.kr/Recruit/GI_Read/31303365?rPageCode=PL
"공공(금융), 개발자, 6월중, 중급이상, 18개월 장기 프로젝트",리치앤타임㈜,서울 강남구,http://www.jobkorea.co.kr/Recruit/GI_Read/31302877?rPageCode=PL
(주)핀업 개발본부 DB팀 직원 채용,㈜핀업,경기 성남시,http://www.jobkorea.co.kr/Recruit/GI_Read/31301294?rPageCode=PL
네이트온 PC클라이언트 개발 경력직 채용,㈜SK커뮤니케이션즈,서울 중구,http://www.jobkorea.co.kr/Recruit/GI_Read/31300688?rPageCode=PL
도미노피자 및 도미노피자 자회사/관계사 각 부문 공개채용,도미노피자(청오디피케이),서울 강남구,http://www.jobkorea.co.kr/Recruit/GI_Read/31297293?rPageCode=PL
"유튜브컨텐츠 영상촬영, 영상편집 / 웹개발 웹프로그래머 - 신입, 경력직채용",애플트리㈜,경기 전지역 외,http://www.jobkorea.co.kr/Recruit/GI_Read/31298110?rPageCode=PL
"부문별(개발자orPL ,App개발, PM) 채용",㈜비티소프트,서울 구로구,http://www.jobkorea.co.kr/Recruit/GI_Read/31297252?rPageCode=PL
2020 상반기 각 부문 신입/경력 채용 (웹개발/웹기획/그래픽디자이너),싸이웍스,서울 강남구,http://www.jobkorea.co.kr/Recruit/GI_Read/31295546?rPageCode=PL
2020년 경력직 특별채용 모집공고,마이다스아이티,경기 성남시 외,http://www.jobkorea.co.kr/Recruit/GI_Read/31283805?rPageCode=PL
본그룹 2020년 경력사원 공개채용,본아이에프㈜,서울 전지역 외,http://www.jobkorea.co.kr/Recruit/GI_Read/31275728?rPageCode=PL
2020년 상반기 각 부문 인재채용,㈜신세계아이앤씨,경기 김포시 외,http://www.jobkorea.co.kr/Recruit/GI_Read/31281093?rPageCode=PL
2020년 상반기 경력사원 모집,㈜쁘띠엘린,서울 구로구,http://www.jobkorea.co.kr/Recruit/GI_Read/31284335?rPageCode=PL
2020 SW개발 신입 LINER 공개채용,㈜라인플러스,경기 성남시,http://www.jobkorea.co.kr/Recruit/GI_Read/31266023?rPageCode=PL
2020 이스트소프트 상반기 온라인공채,㈜이스트소프트,서울 서초구,http://www.jobkorea.co.kr/Recruit/GI_Read/31263075?rPageCode=PL
"2020년 IBK시스템 경력직원 모집(개발/품질관리/IT인프라,서버운영/상황실/경영기획)",㈜아이비케이시스템,경기 성남시 외,http://www.jobkorea.co.kr/Recruit/GI_Read/31249394?rPageCode=PL
전산팀(모바일웹/앱개발자)/웹/모바일디자인/상품기획MD 신입 및 경력 채용,㈜컴퓨존,서울 용산구,http://www.jobkorea.co.kr/Recruit/GI_Read/31248263?rPageCode=PL
각 부문별 신입/경력직 채용,㈜아이스크림에듀,서울 강남구,http://www.jobkorea.co.kr/Recruit/GI_Read/31239348?rPageCode=PL
각 부문별 경력사원 채용,KB생명보험㈜,서울 영등포구,http://www.jobkorea.co.kr/Recruit/GI_Read/31247295?rPageCode=PL
부문별 경력사원 채용,SSG.COM,서울 중구,http://www.jobkorea.co.kr/Recruit/GI_Read/31239313?rPageCode=PL
하나금융TI 금융IT 경력사원 모집,㈜하나금융티아이,인천 서구 외,http://www.jobkorea.co.kr/Recruit/GI_Read/31217362?rPageCode=PL
난소프트와 함께 성장할 C# 개발자를 모집합니다.,난소프트,서울 금천구,http://www.jobkorea.co.kr/Recruit/GI_Read/31102623?rPageCode=PL
2020 상반기 개발직군 채용,유한책임회사 딜리버리히어로코리아,서울 전지역 외,http://www.jobkorea.co.kr/Recruit/GI_Read/31091664?rPageCode=PL
부문별 경력/신입 채용,㈜우아한형제들,서울 송파구,http://www.jobkorea.co.kr/Recruit/GI_Read/30676979?rPageCode=PL
(주)아이패밀리SC PHP웹프로그래머 정규직 채용(-3/30),㈜아이패밀리SC,서울 강남구,http://www.jobkorea.co.kr/Recruit/GI_Read/31307761?rPageCode=PL
경력사원 모집,현대오토에버㈜,전국,http://www.jobkorea.co.kr/Recruit/GI_Read/31300960?rPageCode=PL
2020년 상반기 각 부문 신입/경력 채용,더이앤엠㈜,서울 전지역 외,http://www.jobkorea.co.kr/Recruit/GI_Read/31306466?rPageCode=PL
[여기어때] 숙박/액티비티 서비스 개발자 채용,㈜위드이노베이션,서울 강남구 외,http://www.jobkorea.co.kr/Recruit/GI_Read/31305682?rPageCode=PL
[인터파크] 서비스개발본부 개발자 채용 (경력),㈜인터파크,서울 강남구,http://www.jobkorea.co.kr/Recruit/GI_Read/31303438?rPageCode=PL
JAVA 개발자 대규모 인재채용 [광고플랫폼 업계1위/청년친화강소기업],㈜인라이플,경기 전지역 외,http://www.jobkorea.co.kr/Recruit/GI_Read/31300544?rPageCode=PL
필웨이와 함께 할 서비스기획자 채용,㈜필웨이,서울 전지역 외,http://www.jobkorea.co.kr/Recruit/GI_Read/31308600?rPageCode=PL
윈도우개발자/리눅스네트워크 개발자/웹개발자 채용(신입/경력),(주)엠엘소프트,서울 영등포구,http://www.jobkorea.co.kr/Recruit/GI_Read/31306092?rPageCode=PL
온라인사업부 (MD / 개발자) 채용,㈜하나원비즈마켓,서울 노원구,http://www.jobkorea.co.kr/Recruit/GI_Read/31301230?rPageCode=PL
[쿠도커뮤니케이션] 유니티 개발자 정규직 채용,쿠도커뮤니케이션㈜,서울 서초구,http://www.jobkorea.co.kr/Recruit/GI_Read/31309633?rPageCode=PL
응용 프로그램 개발자 모집(JAVA),유징테크㈜,경북 포항시,http://www.jobkorea.co.kr/Recruit/GI_Read/31309456?rPageCode=PL
디지털마케팅플랫폼 개발자 채용,주식회사 휴머스온,서울 강남구 외,http://www.jobkorea.co.kr/Recruit/GI_Read/31308822?rPageCode=PL
"[리노미디어] 개발자 여러분, 입Dev 하세요. 개발(Web/App/Pub) 공개채용",㈜리노미디어,서울 송파구 외,http://www.jobkorea.co.kr/Recruit/GI_Read/31307963?rPageCode=PL
"(주)리드코프 정보시스템부(IT개발파트, IT보안/지원파트) 경력직 모집",㈜리드코프,서울 영등포구,http://www.jobkorea.co.kr/Recruit/GI_Read/31307577?rPageCode=PL
[KT그룹사]  Android 모바일 보안솔루션 개발 및 기술지원 경력직 모집,이니텍㈜,서울 구로구,http://www.jobkorea.co.kr/Recruit/GI_Read/31307409?rPageCode=PL
[쇼핑몰] 안드로이드 앱 개발/운영 엔지니어 모십니다.,유니위스㈜,경기 성남시 외,http://www.jobkorea.co.kr/Recruit/GI_Read/31306273?rPageCode=PL
[ADT캡스] IT개발팀 SAP FI(ABAP) 경력자 모집,㈜ADT캡스,서울 강남구,http://www.jobkorea.co.kr/Recruit/GI_Read/31304835?rPageCode=PL
AI 전문기업 (주)마음커넥트 경력 웹개발자 채용,마인즈랩,경기 성남시,http://www.jobkorea.co.kr/Recruit/GI_Read/31303365?rPageCode=PL
"공공(금융), 개발자, 6월중, 중급이상, 18개월 장기 프로젝트",리치앤타임㈜,서울 강남구,http://www.jobkorea.co.kr/Recruit/GI_Read/31302877?rPageCode=PL
(주)핀업 개발본부 DB팀 직원 채용,㈜핀업,경기 성남시,http://www.jobkorea.co.kr/Recruit/GI_Read/31301294?rPageCode=PL
네이트온 PC클라이언트 개발 경력직 채용,㈜SK커뮤니케이션즈,서울 중구,http://www.jobkorea.co.kr/Recruit/GI_Read/31300688?rPageCode=PL
도미노피자 및 도미노피자 자회사/관계사 각 부문 공개채용,도미노피자(청오디피케이),서울 강남구,http://www.jobkorea.co.kr/Recruit/GI_Read/31297293?rPageCode=PL
"유튜브컨텐츠 영상촬영, 영상편집 / 웹개발 웹프로그래머 - 신입, 경력직채용",애플트리㈜,경기 전지역 외,http://www.jobkorea.co.kr/Recruit/GI_Read/31298110?rPageCode=PL
"부문별(개발자orPL ,App개발, PM) 채용",㈜비티소프트,서울 구로구,http://www.jobkorea.co.kr/Recruit/GI_Read/31297252?rPageCode=PL
2020 상반기 각 부문 신입/경력 채용 (웹개발/웹기획/그래픽디자이너),싸이웍스,서울 강남구,http://www.jobkorea.co.kr/Recruit/GI_Read/31295546?rPageCode=PL
2020년 경력직 특별채용 모집공고,마이다스아이티,경기 성남시 외,http://www.jobkorea.co.kr/Recruit/GI_Read/31283805?rPageCode=PL
본그룹 2020년 경력사원 공개채용,본아이에프㈜,서울 전지역 외,http://www.jobkorea.co.kr/Recruit/GI_Read/31275728?rPageCode=PL
2020년 상반기 각 부문 인재채용,㈜신세계아이앤씨,경기 김포시 외,http://www.jobkorea.co.kr/Recruit/GI_Read/31281093?rPageCode=PL
2020년 상반기 경력사원 모집,㈜쁘띠엘린,서울 구로구,http://www.jobkorea.co.kr/Recruit/GI_Read/31284335?rPageCode=PL
2020 SW개발 신입 LINER 공개채용,㈜라인플러스,경기 성남시,http://www.jobkorea.co.kr/Recruit/GI_Read/31266023?rPageCode=PL
2020 이스트소프트 상반기 온라인공채,㈜이스트소프트,서울 서초구,http://www.jobkorea.co.kr/Recruit/GI_Read/31263075?rPageCode=PL
"2020년 IBK시스템 경력직원 모집(개발/품질관리/IT인프라,서버운영/상황실/경영기획)",㈜아이비케이시스템,경기 성남시 외,http://www.jobkorea.co.kr/Recruit/GI_Read/31249394?rPageCode=PL
전산팀(모바일웹/앱개발자)/웹/모바일디자인/상품기획MD 신입 및 경력 채용,㈜컴퓨존,서울 용산구,http://www.jobkorea.co.kr/Recruit/GI_Read/31248263?rPageCode=PL
각 부문별 신입/경력직 채용,㈜아이스크림에듀,서울 강남구,http://www.jobkorea.co.kr/Recruit/GI_Read/31239348?rPageCode=PL
각 부문별 경력사원 채용,KB생명보험㈜,서울 영등포구,http://www.jobkorea.co.kr/Recruit/GI_Read/31247295?rPageCode=PL
부문별 경력사원 채용,SSG.COM,서울 중구,http://www.jobkorea.co.kr/Recruit/GI_Read/31239313?rPageCode=PL
하나금융TI 금융IT 경력사원 모집,㈜하나금융티아이,인천 서구 외,http://www.jobkorea.co.kr/Recruit/GI_Read/31217362?rPageCode=PL
난소프트와 함께 성장할 C# 개발자를 모집합니다.,난소프트,서울 금천구,http://www.jobkorea.co.kr/Recruit/GI_Read/31102623?rPageCode=PL
2020 상반기 개발직군 채용,유한책임회사 딜리버리히어로코리아,서울 전지역 외,http://www.jobkorea.co.kr/Recruit/GI_Read/31091664?rPageCode=PL
부문별 경력/신입 채용,㈜우아한형제들,서울 송파구,http://www.jobkorea.co.kr/Recruit/GI_Read/30676979?rPageCode=PL
(주)아이패밀리SC PHP웹프로그래머 정규직 채용(-3/30),㈜아이패밀리SC,서울 강남구,http://www.jobkorea.co.kr/Recruit/GI_Read/31307761?rPageCode=PL
경력사원 모집,현대오토에버㈜,전국,http://www.jobkorea.co.kr/Recruit/GI_Read/31300960?rPageCode=PL
2020년 상반기 각 부문 신입/경력 채용,더이앤엠㈜,서울 전지역 외,http://www.jobkorea.co.kr/Recruit/GI_Read/31306466?rPageCode=PL
[여기어때] 숙박/액티비티 서비스 개발자 채용,㈜위드이노베이션,서울 강남구 외,http://www.jobkorea.co.kr/Recruit/GI_Read/31305682?rPageCode=PL
[인터파크] 서비스개발본부 개발자 채용 (경력),㈜인터파크,서울 강남구,http://www.jobkorea.co.kr/Recruit/GI_Read/31303438?rPageCode=PL
JAVA 개발자 대규모 인재채용 [광고플랫폼 업계1위/청년친화강소기업],㈜인라이플,경기 전지역 외,http://www.jobkorea.co.kr/Recruit/GI_Read/31300544?rPageCode=PL
필웨이와 함께 할 서비스기획자 채용,㈜필웨이,서울 전지역 외,http://www.jobkorea.co.kr/Recruit/GI_Read/31308600?rPageCode=PL
윈도우개발자/리눅스네트워크 개발자/웹개발자 채용(신입/경력),(주)엠엘소프트,서울 영등포구,http://www.jobkorea.co.kr/Recruit/GI_Read/31306092?rPageCode=PL
온라인사업부 (MD / 개발자) 채용,㈜하나원비즈마켓,서울 노원구,http://www.jobkorea.co.kr/Recruit/GI_Read/31301230?rPageCode=PL
[쿠도커뮤니케이션] 유니티 개발자 정규직 채용,쿠도커뮤니케이션㈜,서울 서초구,http://www.jobkorea.co.kr/Recruit/GI_Read/31309633?rPageCode=PL
응용 프로그램 개발자 모집(JAVA),유징테크㈜,경북 포항시,http://www.jobkorea.co.kr/Recruit/GI_Read/31309456?rPageCode=PL
디지털마케팅플랫폼 개발자 채용,주식회사 휴머스온,서울 강남구 외,http://www.jobkorea.co.kr/Recruit/GI_Read/31308822?rPageCode=PL
"[리노미디어] 개발자 여러분, 입Dev 하세요. 개발(Web/App/Pub) 공개채용",㈜리노미디어,서울 송파구 외,http://www.jobkorea.co.kr/Recruit/GI_Read/31307963?rPageCode=PL
"(주)리드코프 정보시스템부(IT개발파트, IT보안/지원파트) 경력직 모집",㈜리드코프,서울 영등포구,http://www.jobkorea.co.kr/Recruit/GI_Read/31307577?rPageCode=PL
[KT그룹사]  Android 모바일 보안솔루션 개발 및 기술지원 경력직 모집,이니텍㈜,서울 구로구,http://www.jobkorea.co.kr/Recruit/GI_Read/31307409?rPageCode=PL
[쇼핑몰] 안드로이드 앱 개발/운영 엔지니어 모십니다.,유니위스㈜,경기 성남시 외,http://www.jobkorea.co.kr/Recruit/GI_Read/31306273?rPageCode=PL
[ADT캡스] IT개발팀 SAP FI(ABAP) 경력자 모집,㈜ADT캡스,서울 강남구,http://www.jobkorea.co.kr/Recruit/GI_Read/31304835?rPageCode=PL
AI 전문기업 (주)마음커넥트 경력 웹개발자 채용,마인즈랩,경기 성남시,http://www.jobkorea.co.kr/Recruit/GI_Read/31303365?rPageCode=PL
"공공(금융), 개발자, 6월중, 중급이상, 18개월 장기 프로젝트",리치앤타임㈜,서울 강남구,http://www.jobkorea.co.kr/Recruit/GI_Read/31302877?rPageCode=PL
(주)핀업 개발본부 DB팀 직원 채용,㈜핀업,경기 성남시,http://www.jobkorea.co.kr/Recruit/GI_Read/31301294?rPageCode=PL
네이트온 PC클라이언트 개발 경력직 채용,㈜SK커뮤니케이션즈,서울 중구,http://www.jobkorea.co.kr/Recruit/GI_Read/31300688?rPageCode=PL
도미노피자 및 도미노피자 자회사/관계사 각 부문 공개채용,도미노피자(청오디피케이),서울 강남구,http://www.jobkorea.co.kr/Recruit/GI_Read/31297293?rPageCode=PL
"유튜브컨텐츠 영상촬영, 영상편집 / 웹개발 웹프로그래머 - 신입, 경력직채용",애플트리㈜,경기 전지역 외,http://www.jobkorea.co.kr/Recruit/GI_Read/31298110?rPageCode=PL
"부문별(개발자orPL ,App개발, PM) 채용",㈜비티소프트,서울 구로구,http://www.jobkorea.co.kr/Recruit/GI_Read/31297252?rPageCode=PL
2020 상반기 각 부문 신입/경력 채용 (웹개발/웹기획/그래픽디자이너),싸이웍스,서울 강남구,http://www.jobkorea.co.kr/Recruit/GI_Read/31295546?rPageCode=PL
2020년 경력직 특별채용 모집공고,마이다스아이티,경기 성남시 외,http://www.jobkorea.co.kr/Recruit/GI_Read/31283805?rPageCode=PL
본그룹 2020년 경력사원 공개채용,본아이에프㈜,서울 전지역 외,http://www.jobkorea.co.kr/Recruit/GI_Read/31275728?rPageCode=PL
2020년 상반기 각 부문 인재채용,㈜신세계아이앤씨,경기 김포시 외,http://www.jobkorea.co.kr/Recruit/GI_Read/31281093?rPageCode=PL
2020년 상반기 경력사원 모집,㈜쁘띠엘린,서울 구로구,http://www.jobkorea.co.kr/Recruit/GI_Read/31284335?rPageCode=PL
2020 SW개발 신입 LINER 공개채용,㈜라인플러스,경기 성남시,http://www.jobkorea.co.kr/Recruit/GI_Read/31266023?rPageCode=PL
2020 이스트소프트 상반기 온라인공채,㈜이스트소프트,서울 서초구,http://www.jobkorea.co.kr/Recruit/GI_Read/31263075?rPageCode=PL
"2020년 IBK시스템 경력직원 모집(개발/품질관리/IT인프라,서버운영/상황실/경영기획)",㈜아이비케이시스템,경기 성남시 외,http://www.jobkorea.co.kr/Recruit/GI_Read/31249394?rPageCode=PL
전산팀(모바일웹/앱개발자)/웹/모바일디자인/상품기획MD 신입 및 경력 채용,㈜컴퓨존,서울 용산구,http://www.jobkorea.co.kr/Recruit/GI_Read/31248263?rPageCode=PL
각 부문별 신입/경력직 채용,㈜아이스크림에듀,서울 강남구,http://www.jobkorea.co.kr/Recruit/GI_Read/31239348?rPageCode=PL
각 부문별 경력사원 채용,KB생명보험㈜,서울 영등포구,http://www.jobkorea.co.kr/Recruit/GI_Read/31247295?rPageCode=PL
부문별 경력사원 채용,SSG.COM,서울 중구,http://www.jobkorea.co.kr/Recruit/GI_Read/31239313?rPageCode=PL
하나금융TI 금융IT 경력사원 모집,㈜하나금융티아이,인천 서구 외,http://www.jobkorea.co.kr/Recruit/GI_Read/31217362?rPageCode=PL
난소프트와 함께 성장할 C# 개발자를 모집합니다.,난소프트,서울 금천구,http://www.jobkorea.co.kr/Recruit/GI_Read/31102623?rPageCode=PL
2020 상반기 개발직군 채용,유한책임회사 딜리버리히어로코리아,서울 전지역 외,http://www.jobkorea.co.kr/Recruit/GI_Read/31091664?rPageCode=PL
부문별 경력/신입 채용,㈜우아한형제들,서울 송파구,http://www.jobkorea.co.kr/Recruit/GI_Read/30676979?rPageCode=PL
(주)아이패밀리SC PHP웹프로그래머 정규직 채용(-3/30),㈜아이패밀리SC,서울 강남구,http://www.jobkorea.co.kr/Recruit/GI_Read/31307761?rPageCode=PL
경력사원 모집,현대오토에버㈜,전국,http://www.jobkorea.co.kr/Recruit/GI_Read/31300960?rPageCode=PL
2020년 상반기 각 부문 신입/경력 채용,더이앤엠㈜,서울 전지역 외,http://www.jobkorea.co.kr/Recruit/GI_Read/31306466?rPageCode=PL
[여기어때] 숙박/액티비티 서비스 개발자 채용,㈜위드이노베이션,서울 강남구 외,http://www.jobkorea.co.kr/Recruit/GI_Read/31305682?rPageCode=PL
[인터파크] 서비스개발본부 개발자 채용 (경력),㈜인터파크,서울 강남구,http://www.jobkorea.co.kr/Recruit/GI_Read/31303438?rPageCode=PL
JAVA 개발자 대규모 인재채용 [광고플랫폼 업계1위/청년친화강소기업],㈜인라이플,경기 전지역 외,http://www.jobkorea.co.kr/Recruit/GI_Read/31300544?rPageCode=PL
필웨이와 함께 할 서비스기획자 채용,㈜필웨이,서울 전지역 외,http://www.jobkorea.co.kr/Recruit/GI_Read/31308600?rPageCode=PL
윈도우개발자/리눅스네트워크 개발자/웹개발자 채용(신입/경력),(주)엠엘소프트,서울 영등포구,http://www.jobkorea.co.kr/Recruit/GI_Read/31306092?rPageCode=PL
온라인사업부 (MD / 개발자) 채용,㈜하나원비즈마켓,서울 노원구,http://www.jobkorea.co.kr/Recruit/GI_Read/31301230?rPageCode=PL
[쿠도커뮤니케이션] 유니티 개발자 정규직 채용,쿠도커뮤니케이션㈜,서울 서초구,http://www.jobkorea.co.kr/Recruit/GI_Read/31309633?rPageCode=PL
응용 프로그램 개발자 모집(JAVA),유징테크㈜,경북 포항시,http://www.jobkorea.co.kr/Recruit/GI_Read/31309456?rPageCode=PL
디지털마케팅플랫폼 개발자 채용,주식회사 휴머스온,서울 강남구 외,http://www.jobkorea.co.kr/Recruit/GI_Read/31308822?rPageCode=PL
"[리노미디어] 개발자 여러분, 입Dev 하세요. 개발(Web/App/Pub) 공개채용",㈜리노미디어,서울 송파구 외,http://www.jobkorea.co.kr/Recruit/GI_Read/31307963?rPageCode=PL
"(주)리드코프 정보시스템부(IT개발파트, IT보안/지원파트) 경력직 모집",㈜리드코프,서울 영등포구,http://www.jobkorea.co.kr/Recruit/GI_Read/31307577?rPageCode=PL
[KT그룹사]  Android 모바일 보안솔루션 개발 및 기술지원 경력직 모집,이니텍㈜,서울 구로구,http://www.jobkorea.co.kr/Recruit/GI_Read/31307409?rPageCode=PL
[쇼핑몰] 안드로이드 앱 개발/운영 엔지니어 모십니다.,유니위스㈜,경기 성남시 외,http://www.jobkorea.co.kr/Recruit/GI_Read/31306273?rPageCode=PL
[ADT캡스] IT개발팀 SAP FI(ABAP) 경력자 모집,㈜ADT캡스,서울 강남구,http://www.jobkorea.co.kr/Recruit/GI_Read/31304835?rPageCode=PL
AI 전문기업 (주)마음커넥트 경력 웹개발자 채용,마인즈랩,경기 성남시,http://www.jobkorea.co.kr/Recruit/GI_Read/31303365?rPageCode=PL
"공공(금융), 개발자, 6월중, 중급이상, 18개월 장기 프로젝트",리치앤타임㈜,서울 강남구,http://www.jobkorea.co.kr/Recruit/GI_Read/31302877?rPageCode=PL
(주)핀업 개발본부 DB팀 직원 채용,㈜핀업,경기 성남시,http://www.jobkorea.co.kr/Recruit/GI_Read/31301294?rPageCode=PL
네이트온 PC클라이언트 개발 경력직 채용,㈜SK커뮤니케이션즈,서울 중구,http://www.jobkorea.co.kr/Recruit/GI_Read/31300688?rPageCode=PL
도미노피자 및 도미노피자 자회사/관계사 각 부문 공개채용,도미노피자(청오디피케이),서울 강남구,http://www.jobkorea.co.kr/Recruit/GI_Read/31297293?rPageCode=PL
"유튜브컨텐츠 영상촬영, 영상편집 / 웹개발 웹프로그래머 - 신입, 경력직채용",애플트리㈜,경기 전지역 외,http://www.jobkorea.co.kr/Recruit/GI_Read/31298110?rPageCode=PL
"부문별(개발자orPL ,App개발, PM) 채용",㈜비티소프트,서울 구로구,http://www.jobkorea.co.kr/Recruit/GI_Read/31297252?rPageCode=PL
2020 상반기 각 부문 신입/경력 채용 (웹개발/웹기획/그래픽디자이너),싸이웍스,서울 강남구,http://www.jobkorea.co.kr/Recruit/GI_Read/31295546?rPageCode=PL
2020년 경력직 특별채용 모집공고,마이다스아이티,경기 성남시 외,http://www.jobkorea.co.kr/Recruit/GI_Read/31283805?rPageCode=PL
본그룹 2020년 경력사원 공개채용,본아이에프㈜,서울 전지역 외,http://www.jobkorea.co.kr/Recruit/GI_Read/31275728?rPageCode=PL
2020년 상반기 각 부문 인재채용,㈜신세계아이앤씨,경기 김포시 외,http://www.jobkorea.co.kr/Recruit/GI_Read/31281093?rPageCode=PL
2020년 상반기 경력사원 모집,㈜쁘띠엘린,서울 구로구,http://www.jobkorea.co.kr/Recruit/GI_Read/31284335?rPageCode=PL
2020 SW개발 신입 LINER 공개채용,㈜라인플러스,경기 성남시,http://www.jobkorea.co.kr/Recruit/GI_Read/31266023?rPageCode=PL
2020 이스트소프트 상반기 온라인공채,㈜이스트소프트,서울 서초구,http://www.jobkorea.co.kr/Recruit/GI_Read/31263075?rPageCode=PL
"2020년 IBK시스템 경력직원 모집(개발/품질관리/IT인프라,서버운영/상황실/경영기획)",㈜아이비케이시스템,경기 성남시 외,http://www.jobkorea.co.kr/Recruit/GI_Read/31249394?rPageCode=PL
전산팀(모바일웹/앱개발자)/웹/모바일디자인/상품기획MD 신입 및 경력 채용,㈜컴퓨존,서울 용산구,http://www.jobkorea.co.kr/Recruit/GI_Read/31248263?rPageCode=PL
각 부문별 신입/경력직 채용,㈜아이스크림에듀,서울 강남구,http://www.jobkorea.co.kr/Recruit/GI_Read/31239348?rPageCode=PL
각 부문별 경력사원 채용,KB생명보험㈜,서울 영등포구,http://www.jobkorea.co.kr/Recruit/GI_Read/31247295?rPageCode=PL
부문별 경력사원 채용,SSG.COM,서울 중구,http://www.jobkorea.co.kr/Recruit/GI_Read/31239313?rPageCode=PL
하나금융TI 금융IT 경력사원 모집,㈜하나금융티아이,인천 서구 외,http://www.jobkorea.co.kr/Recruit/GI_Read/31217362?rPageCode=PL
난소프트와 함께 성장할 C# 개발자를 모집합니다.,난소프트,서울 금천구,http://www.jobkorea.co.kr/Recruit/GI_Read/31102623?rPageCode=PL
2020 상반기 개발직군 채용,유한책임회사 딜리버리히어로코리아,서울 전지역 외,http://www.jobkorea.co.kr/Recruit/GI_Read/31091664?rPageCode=PL
부문별 경력/신입 채용,㈜우아한형제들,서울 송파구,http://www.jobkorea.co.kr/Recruit/GI_Read/30676979?rPageCode=PL
(주)아이패밀리SC PHP웹프로그래머 정규직 채용(-3/30),㈜아이패밀리SC,서울 강남구,http://www.jobkorea.co.kr/Recruit/GI_Read/31307761?rPageCode=PL
경력사원 모집,현대오토에버㈜,전국,http://www.jobkorea.co.kr/Recruit/GI_Read/31300960?rPageCode=PL
2020년 상반기 각 부문 신입/경력 채용,더이앤엠㈜,서울 전지역 외,http://www.jobkorea.co.kr/Recruit/GI_Read/31306466?rPageCode=PL
[여기어때] 숙박/액티비티 서비스 개발자 채용,㈜위드이노베이션,서울 강남구 외,http://www.jobkorea.co.kr/Recruit/GI_Read/31305682?rPageCode=PL
[인터파크] 서비스개발본부 개발자 채용 (경력),㈜인터파크,서울 강남구,http://www.jobkorea.co.kr/Recruit/GI_Read/31303438?rPageCode=PL
JAVA 개발자 대규모 인재채용 [광고플랫폼 업계1위/청년친화강소기업],㈜인라이플,경기 전지역 외,http://www.jobkorea.co.kr/Recruit/GI_Read/31300544?rPageCode=PL
필웨이와 함께 할 서비스기획자 채용,㈜필웨이,서울 전지역 외,http://www.jobkorea.co.kr/Recruit/GI_Read/31308600?rPageCode=PL
윈도우개발자/리눅스네트워크 개발자/웹개발자 채용(신입/경력),(주)엠엘소프트,서울 영등포구,http://www.jobkorea.co.kr/Recruit/GI_Read/31306092?rPageCode=PL
온라인사업부 (MD / 개발자) 채용,㈜하나원비즈마켓,서울 노원구,http://www.jobkorea.co.kr/Recruit/GI_Read/31301230?rPageCode=PL
[쿠도커뮤니케이션] 유니티 개발자 정규직 채용,쿠도커뮤니케이션㈜,서울 서초구,http://www.jobkorea.co.kr/Recruit/GI_Read/31309633?rPageCode=PL
응용 프로그램 개발자 모집(JAVA),유징테크㈜,경북 포항시,http://www.jobkorea.co.kr/Recruit/GI_Read/31309456?rPageCode=PL
디지털마케팅플랫폼 개발자 채용,주식회사 휴머스온,서울 강남구 외,http://www.jobkorea.co.kr/Recruit/GI_Read/31308822?rPageCode=PL
"[리노미디어] 개발자 여러분, 입Dev 하세요. 개발(Web/App/Pub) 공개채용",㈜리노미디어,서울 송파구 외,http://www.jobkorea.co.kr/Recruit/GI_Read/31307963?rPageCode=PL
"(주)리드코프 정보시스템부(IT개발파트, IT보안/지원파트) 경력직 모집",㈜리드코프,서울 영등포구,http://www.jobkorea.co.kr/Recruit/GI_Read/31307577?rPageCode=PL
[KT그룹사]  Android 모바일 보안솔루션 개발 및 기술지원 경력직 모집,이니텍㈜,서울 구로구,http://www.jobkorea.co.kr/Recruit/GI_Read/31307409?rPageCode=PL
[쇼핑몰] 안드로이드 앱 개발/운영 엔지니어 모십니다.,유니위스㈜,경기 성남시 외,http://www.jobkorea.co.kr/Recruit/GI_Read/31306273?rPageCode=PL
[ADT캡스] IT개발팀 SAP FI(ABAP) 경력자 모집,㈜ADT캡스,서울 강남구,http://www.jobkorea.co.kr/Recruit/GI_Read/31304835?rPageCode=PL
AI 전문기업 (주)마음커넥트 경력 웹개발자 채용,마인즈랩,경기 성남시,http://www.jobkorea.co.kr/Recruit/GI_Read/31303365?rPageCode=PL
"공공(금융), 개발자, 6월중, 중급이상, 18개월 장기 프로젝트",리치앤타임㈜,서울 강남구,http://www.jobkorea.co.kr/Recruit/GI_Read/31302877?rPageCode=PL
(주)핀업 개발본부 DB팀 직원 채용,㈜핀업,경기 성남시,http://www.jobkorea.co.kr/Recruit/GI_Read/31301294?rPageCode=PL
네이트온 PC클라이언트 개발 경력직 채용,㈜SK커뮤니케이션즈,서울 중구,http://www.jobkorea.co.kr/Recruit/GI_Read/31300688?rPageCode=PL
도미노피자 및 도미노피자 자회사/관계사 각 부문 공개채용,도미노피자(청오디피케이),서울 강남구,http://www.jobkorea.co.kr/Recruit/GI_Read/31297293?rPageCode=PL
"유튜브컨텐츠 영상촬영, 영상편집 / 웹개발 웹프로그래머 - 신입, 경력직채용",애플트리㈜,경기 전지역 외,http://www.jobkorea.co.kr/Recruit/GI_Read/31298110?rPageCode=PL
"부문별(개발자orPL ,App개발, PM) 채용",㈜비티소프트,서울 구로구,http://www.jobkorea.co.kr/Recruit/GI_Read/31297252?rPageCode=PL
2020 상반기 각 부문 신입/경력 채용 (웹개발/웹기획/그래픽디자이너),싸이웍스,서울 강남구,http://www.jobkorea.co.kr/Recruit/GI_Read/31295546?rPageCode=PL
2020년 경력직 특별채용 모집공고,마이다스아이티,경기 성남시 외,http://www.jobkorea.co.kr/Recruit/GI_Read/31283805?rPageCode=PL
본그룹 2020년 경력사원 공개채용,본아이에프㈜,서울 전지역 외,http://www.jobkorea.co.kr/Recruit/GI_Read/31275728?rPageCode=PL
2020년 상반기 각 부문 인재채용,㈜신세계아이앤씨,경기 김포시 외,http://www.jobkorea.co.kr/Recruit/GI_Read/31281093?rPageCode=PL
2020년 상반기 경력사원 모집,㈜쁘띠엘린,서울 구로구,http://www.jobkorea.co.kr/Recruit/GI_Read/31284335?rPageCode=PL
2020 SW개발 신입 LINER 공개채용,㈜라인플러스,경기 성남시,http://www.jobkorea.co.kr/Recruit/GI_Read/31266023?rPageCode=PL
2020 이스트소프트 상반기 온라인공채,㈜이스트소프트,서울 서초구,http://www.jobkorea.co.kr/Recruit/GI_Read/31263075?rPageCode=PL
"2020년 IBK시스템 경력직원 모집(개발/품질관리/IT인프라,서버운영/상황실/경영기획)",㈜아이비케이시스템,경기 성남시 외,http://www.jobkorea.co.kr/Recruit/GI_Read/31249394?rPageCode=PL
전산팀(모바일웹/앱개발자)/웹/모바일디자인/상품기획MD 신입 및 경력 채용,㈜컴퓨존,서울 용산구,http://www.jobkorea.co.kr/Recruit/GI_Read/31248263?rPageCode=PL
각 부문별 신입/경력직 채용,㈜아이스크림에듀,서울 강남구,http://www.jobkorea.co.kr/Recruit/GI_Read/31239348?rPageCode=PL
각 부문별 경력사원 채용,KB생명보험㈜,서울 영등포구,http://www.jobkorea.co.kr/Recruit/GI_Read/31247295?rPageCode=PL
부문별 경력사원 채용,SSG.COM,서울 중구,http://www.jobkorea.co.kr/Recruit/GI_Read/31239313?rPageCode=PL
하나금융TI 금융IT 경력사원 모집,㈜하나금융티아이,인천 서구 외,http://www.jobkorea.co.kr/Recruit/GI_Read/31217362?rPageCode=PL
난소프트와 함께 성장할 C# 개발자를 모집합니다.,난소프트,서울 금천구,http://www.jobkorea.co.kr/Recruit/GI_Read/31102623?rPageCode=PL
2020 상반기 개발직군 채용,유한책임회사 딜리버리히어로코리아,서울 전지역 외,http://www.jobkorea.co.kr/Recruit/GI_Read/31091664?rPageCode=PL
부문별 경력/신입 채용,㈜우아한형제들,서울 송파구,http://www.jobkorea.co.kr/Recruit/GI_Read/30676979?rPageCode=PL
(주)아이패밀리SC PHP웹프로그래머 정규직 채용(-3/30),㈜아이패밀리SC,서울 강남구,http://www.jobkorea.co.kr/Recruit/GI_Read/31307761?rPageCode=PL
경력사원 모집,현대오토에버㈜,전국,http://www.jobkorea.co.kr/Recruit/GI_Read/31300960?rPageCode=PL
2020년 상반기 각 부문 신입/경력 채용,더이앤엠㈜,서울 전지역 외,http://www.jobkorea.co.kr/Recruit/GI_Read/31306466?rPageCode=PL
[여기어때] 숙박/액티비티 서비스 개발자 채용,㈜위드이노베이션,서울 강남구 외,http://www.jobkorea.co.kr/Recruit/GI_Read/31305682?rPageCode=PL
[인터파크] 서비스개발본부 개발자 채용 (경력),㈜인터파크,서울 강남구,http://www.jobkorea.co.kr/Recruit/GI_Read/31303438?rPageCode=PL
JAVA 개발자 대규모 인재채용 [광고플랫폼 업계1위/청년친화강소기업],㈜인라이플,경기 전지역 외,http://www.jobkorea.co.kr/Recruit/GI_Read/31300544?rPageCode=PL
필웨이와 함께 할 서비스기획자 채용,㈜필웨이,서울 전지역 외,http://www.jobkorea.co.kr/Recruit/GI_Read/31308600?rPageCode=PL
윈도우개발자/리눅스네트워크 개발자/웹개발자 채용(신입/경력),(주)엠엘소프트,서울 영등포구,http://www.jobkorea.co.kr/Recruit/GI_Read/31306092?rPageCode=PL
온라인사업부 (MD / 개발자) 채용,㈜하나원비즈마켓,서울 노원구,http://www.jobkorea.co.kr/Recruit/GI_Read/31301230?rPageCode=PL
[쿠도커뮤니케이션] 유니티 개발자 정규직 채용,쿠도커뮤니케이션㈜,서울 서초구,http://www.jobkorea.co.kr/Recruit/GI_Read/31309633?rPageCode=PL
응용 프로그램 개발자 모집(JAVA),유징테크㈜,경북 포항시,http://www.jobkorea.co.kr/Recruit/GI_Read/31309456?rPageCode=PL
디지털마케팅플랫폼 개발자 채용,주식회사 휴머스온,서울 강남구 외,http://www.jobkorea.co.kr/Recruit/GI_Read/31308822?rPageCode=PL
"[리노미디어] 개발자 여러분, 입Dev 하세요. 개발(Web/App/Pub) 공개채용",㈜리노미디어,서울 송파구 외,http://www.jobkorea.co.kr/Recruit/GI_Read/31307963?rPageCode=PL
"(주)리드코프 정보시스템부(IT개발파트, IT보안/지원파트) 경력직 모집",㈜리드코프,서울 영등포구,http://www.jobkorea.co.kr/Recruit/GI_Read/31307577?rPageCode=PL
[KT그룹사]  Android 모바일 보안솔루션 개발 및 기술지원 경력직 모집,이니텍㈜,서울 구로구,http://www.jobkorea.co.kr/Recruit/GI_Read/31307409?rPageCode=PL
[쇼핑몰] 안드로이드 앱 개발/운영 엔지니어 모십니다.,유니위스㈜,경기 성남시 외,http://www.jobkorea.co.kr/Recruit/GI_Read/31306273?rPageCode=PL
[ADT캡스] IT개발팀 SAP FI(ABAP) 경력자 모집,㈜ADT캡스,서울 강남구,http://www.jobkorea.co.kr/Recruit/GI_Read/31304835?rPageCode=PL
AI 전문기업 (주)마음커넥트 경력 웹개발자 채용,마인즈랩,경기 성남시,http://www.jobkorea.co.kr/Recruit/GI_Read/31303365?rPageCode=PL
"공공(금융), 개발자, 6월중, 중급이상, 18개월 장기 프로젝트",리치앤타임㈜,서울 강남구,http://www.jobkorea.co.kr/Recruit/GI_Read/31302877?rPageCode=PL
(주)핀업 개발본부 DB팀 직원 채용,㈜핀업,경기 성남시,http://www.jobkorea.co.kr/Recruit/GI_Read/31301294?rPageCode=PL
네이트온 PC클라이언트 개발 경력직 채용,㈜SK커뮤니케이션즈,서울 중구,http://www.jobkorea.co.kr/Recruit/GI_Read/31300688?rPageCode=PL
도미노피자 및 도미노피자 자회사/관계사 각 부문 공개채용,도미노피자(청오디피케이),서울 강남구,http://www.jobkorea.co.kr/Recruit/GI_Read/31297293?rPageCode=PL
"유튜브컨텐츠 영상촬영, 영상편집 / 웹개발 웹프로그래머 - 신입, 경력직채용",애플트리㈜,경기 전지역 외,http://www.jobkorea.co.kr/Recruit/GI_Read/31298110?rPageCode=PL
"부문별(개발자orPL ,App개발, PM) 채용",㈜비티소프트,서울 구로구,http://www.jobkorea.co.kr/Recruit/GI_Read/31297252?rPageCode=PL
2020 상반기 각 부문 신입/경력 채용 (웹개발/웹기획/그래픽디자이너),싸이웍스,서울 강남구,http://www.jobkorea.co.kr/Recruit/GI_Read/31295546?rPageCode=PL
2020년 경력직 특별채용 모집공고,마이다스아이티,경기 성남시 외,http://www.jobkorea.co.kr/Recruit/GI_Read/31283805?rPageCode=PL
본그룹 2020년 경력사원 공개채용,본아이에프㈜,서울 전지역 외,http://www.jobkorea.co.kr/Recruit/GI_Read/31275728?rPageCode=PL
2020년 상반기 각 부문 인재채용,㈜신세계아이앤씨,경기 김포시 외,http://www.jobkorea.co.kr/Recruit/GI_Read/31281093?rPageCode=PL
2020년 상반기 경력사원 모집,㈜쁘띠엘린,서울 구로구,http://www.jobkorea.co.kr/Recruit/GI_Read/31284335?rPageCode=PL
2020 SW개발 신입 LINER 공개채용,㈜라인플러스,경기 성남시,http://www.jobkorea.co.kr/Recruit/GI_Read/31266023?rPageCode=PL
2020 이스트소프트 상반기 온라인공채,㈜이스트소프트,서울 서초구,http://www.jobkorea.co.kr/Recruit/GI_Read/31263075?rPageCode=PL
"2020년 IBK시스템 경력직원 모집(개발/품질관리/IT인프라,서버운영/상황실/경영기획)",㈜아이비케이시스템,경기 성남시 외,http://www.jobkorea.co.kr/Recruit/GI_Read/31249394?rPageCode=PL
전산팀(모바일웹/앱개발자)/웹/모바일디자인/상품기획MD 신입 및 경력 채용,㈜컴퓨존,서울 용산구,http://www.jobkorea.co.kr/Recruit/GI_Read/31248263?rPageCode=PL
각 부문별 신입/경력직 채용,㈜아이스크림에듀,서울 강남구,http://www.jobkorea.co.kr/Recruit/GI_Read/31239348?rPageCode=PL
각 부문별 경력사원 채용,KB생명보험㈜,서울 영등포구,http://www.jobkorea.co.kr/Recruit/GI_Read/31247295?rPageCode=PL
부문별 경력사원 채용,SSG.COM,서울 중구,http://www.jobkorea.co.kr/Recruit/GI_Read/31239313?rPageCode=PL
하나금융TI 금융IT 경력사원 모집,㈜하나금융티아이,인천 서구 외,http://www.jobkorea.co.kr/Recruit/GI_Read/31217362?rPageCode=PL
난소프트와 함께 성장할 C# 개발자를 모집합니다.,난소프트,서울 금천구,http://www.jobkorea.co.kr/Recruit/GI_Read/31102623?rPageCode=PL
2020 상반기 개발직군 채용,유한책임회사 딜리버리히어로코리아,서울 전지역 외,http://www.jobkorea.co.kr/Recruit/GI_Read/31091664?rPageCode=PL
부문별 경력/신입 채용,㈜우아한형제들,서울 송파구,http://www.jobkorea.co.kr/Recruit/GI_Read/30676979?rPageCode=PL
(주)아이패밀리SC PHP웹프로그래머 정규직 채용(-3/30),㈜아이패밀리SC,서울 강남구,http://www.jobkorea.co.kr/Recruit/GI_Read/31307761?rPageCode=PL
경력사원 모집,현대오토에버㈜,전국,http://www.jobkorea.co.kr/Recruit/GI_Read/31300960?rPageCode=PL
2020년 상반기 각 부문 신입/경력 채용,더이앤엠㈜,서울 전지역 외,http://www.jobkorea.co.kr/Recruit/GI_Read/31306466?rPageCode=PL
[여기어때] 숙박/액티비티 서비스 개발자 채용,㈜위드이노베이션,서울 강남구 외,http://www.jobkorea.co.kr/Recruit/GI_Read/31305682?rPageCode=PL
[인터파크] 서비스개발본부 개발자 채용 (경력),㈜인터파크,서울 강남구,http://www.jobkorea.co.kr/Recruit/GI_Read/31303438?rPageCode=PL
JAVA 개발자 대규모 인재채용 [광고플랫폼 업계1위/청년친화강소기업],㈜인라이플,경기 전지역 외,http://www.jobkorea.co.kr/Recruit/GI_Read/31300544?rPageCode=PL
필웨이와 함께 할 서비스기획자 채용,㈜필웨이,서울 전지역 외,http://www.jobkorea.co.kr/Recruit/GI_Read/31308600?rPageCode=PL
윈도우개발자/리눅스네트워크 개발자/웹개발자 채용(신입/경력),(주)엠엘소프트,서울 영등포구,http://www.jobkorea.co.kr/Recruit/GI_Read/31306092?rPageCode=PL
온라인사업부 (MD / 개발자) 채용,㈜하나원비즈마켓,서울 노원구,http://www.jobkorea.co.kr/Recruit/GI_Read/31301230?rPageCode=PL
[쿠도커뮤니케이션] 유니티 개발자 정규직 채용,쿠도커뮤니케이션㈜,서울 서초구,http://www.jobkorea.co.kr/Recruit/GI_Read/31309633?rPageCode=PL
응용 프로그램 개발자 모집(JAVA),유징테크㈜,경북 포항시,http://www.jobkorea.co.kr/Recruit/GI_Read/31309456?rPageCode=PL
디지털마케팅플랫폼 개발자 채용,주식회사 휴머스온,서울 강남구 외,http://www.jobkorea.co.kr/Recruit/GI_Read/31308822?rPageCode=PL
"[리노미디어] 개발자 여러분, 입Dev 하세요. 개발(Web/App/Pub) 공개채용",㈜리노미디어,서울 송파구 외,http://www.jobkorea.co.kr/Recruit/GI_Read/31307963?rPageCode=PL
"(주)리드코프 정보시스템부(IT개발파트, IT보안/지원파트) 경력직 모집",㈜리드코프,서울 영등포구,http://www.jobkorea.co.kr/Recruit/GI_Read/31307577?rPageCode=PL
[KT그룹사]  Android 모바일 보안솔루션 개발 및 기술지원 경력직 모집,이니텍㈜,서울 구로구,http://www.jobkorea.co.kr/Recruit/GI_Read/31307409?rPageCode=PL
[쇼핑몰] 안드로이드 앱 개발/운영 엔지니어 모십니다.,유니위스㈜,경기 성남시 외,http://www.jobkorea.co.kr/Recruit/GI_Read/31306273?rPageCode=PL
[ADT캡스] IT개발팀 SAP FI(ABAP) 경력자 모집,㈜ADT캡스,서울 강남구,http://www.jobkorea.co.kr/Recruit/GI_Read/31304835?rPageCode=PL
AI 전문기업 (주)마음커넥트 경력 웹개발자 채용,마인즈랩,경기 성남시,http://www.jobkorea.co.kr/Recruit/GI_Read/31303365?rPageCode=PL
"공공(금융), 개발자, 6월중, 중급이상, 18개월 장기 프로젝트",리치앤타임㈜,서울 강남구,http://www.jobkorea.co.kr/Recruit/GI_Read/31302877?rPageCode=PL
(주)핀업 개발본부 DB팀 직원 채용,㈜핀업,경기 성남시,http://www.jobkorea.co.kr/Recruit/GI_Read/31301294?rPageCode=PL
네이트온 PC클라이언트 개발 경력직 채용,㈜SK커뮤니케이션즈,서울 중구,http://www.jobkorea.co.kr/Recruit/GI_Read/31300688?rPageCode=PL
